Sales_Order #,Date,Day,Month,Year,Customer_Age,Age_Group,Customer_Gender,Country,State,Product_Category,Sub_Category,Product,Order_Quantity,Unit_Cost,Unit_Price,Profit,Cost,Revenue,,,
000261273,10/1/2021,1,October,2021,48,Adults (35-64),F,United States,California,Bikes,Road Bikes,"Road-550-W Yellow, 40",3,$713.00,"$1,120.00","$1,221.00","$2,139.00","$3,360.00",,,
000261274,10/1/2021,1,October,2021,27,Young Adults (25-34),M,Canada,British Columbia,Bikes,Road Bikes,"Road-650 Red, 44",2,$713.00,"$1,120.00",$814.00,"$1,426.00","$2,240.00",,,
000261275,10/1/2021,1,October,2021,28,Young Adults (25-34),M,United Kingdom,England,Bikes,Mountain Bikes,"Mountain-200 Black, 38",2,$713.00,"$1,120.00",$814.00,"$1,426.00","$2,240.00",,,
000261276,10/1/2021,1,October,2021,40,Adults (35-64),F,Australia,Queensland,Bikes,Road Bikes,"Road-350-W Yellow, 40",2,$713.00,"$1,120.00",$814.00,"$1,426.00","$2,240.00",,,
000261277,10/1/2021,1,October,2021,28,Young Adults (25-34),M,Australia,South Australia,Bikes,Mountain Bikes,"Mountain-200 Silver, 38",1,$713.00,"$1,120.00",$407.00,$713.00,"$1,120.00",,,
000261278,10/1/2021,1,October,2021,36,Adults (35-64),F,United States,California,Bikes,Road Bikes,"Road-650 Red, 62",1,$713.00,"$1,120.00",$407.00,$713.00,"$1,120.00",,,
000261279,10/1/2021,1,October,2021,53,Adults (35-64),M,Australia,New South Wales,Bikes,Mountain Bikes,"Mountain-200 Black, 42",1,$713.00,"$1,120.00",$407.00,$713.00,"$1,120.00",,,
000261280,10/1/2021,1,October,2021,62,Adults (35-64),M,United States,California,Bikes,Road Bikes,"Road-150 Red, 56",1,$713.00,"$1,120.00",$407.00,$713.00,"$1,120.00",,,
000261281,10/2/2021,2,October,2021,28,Young Adults (25-34),F,Australia,New South Wales,Bikes,Mountain Bikes,"Mountain-200 Black, 38",3,$713.00,"$1,120.00","$1,221.00","$2,139.00","$3,360.00",,,
000261282,10/2/2021,2,October,2021,29,Young Adults (25-34),F,Australia,New South Wales,Bikes,Mountain Bikes,"Mountain-200 Silver, 38",3,$713.00,"$1,120.00","$1,221.00","$2,139.00","$3,360.00",,,
000261283,10/2/2021,2,October,2021,28,Young Adults (25-34),F,Australia,New South Wales,Bikes,Mountain Bikes,"Mountain-200 Black, 38",2,$713.00,"$1,120.00",$814.00,"$1,426.00","$2,240.00",,,
000261284,10/2/2021,2,October,2021,47,Adults (35-64),F,United States,California,Bikes,Road Bikes,"Road-350-W Yellow, 42",2,$713.00,"$1,120.00",$814.00,"$1,426.00","$2,240.00",,,
000261285,10/2/2021,2,October,2021,38,Adults (35-64),F,United Kingdom,England,Bikes,Road Bikes,"Road-250 Red, 44",1,$713.00,"$1,120.00",$407.00,$713.00,"$1,120.00",,,
000261286,10/2/2021,2,October,2021,43,Adults (35-64),M,Australia,New South Wales,Bikes,Road Bikes,"Road-150 Red, 52",1,$713.00,"$1,120.00",$407.00,$713.00,"$1,120.00",,,
000261287,10/2/2021,2,October,2021,46,Adults (35-64),M,United States,California,Bikes,Road Bikes,"Road-150 Red, 52",1,$713.00,"$1,120.00",$407.00,$713.00,"$1,120.00",,,
000261288,10/2/2021,2,October,2021,50,Adults (35-64),M,Australia,Queensland,Bikes,Mountain Bikes,"Mountain-500 Black, 44",1,$713.00,"$1,120.00",$407.00,$713.00,"$1,120.00",,,
000261289,10/3/2021,3,October,2021,34,Young Adults (25-34),F,Australia,New South Wales,Bikes,Road Bikes,"Road-250 Black, 44",4,$713.00,"$1,120.00","$1,628.00","$2,852.00","$4,480.00",,,
000261290,10/3/2021,3,October,2021,46,Adults (35-64),M,Australia,New South Wales,Bikes,Road Bikes,"Road-750 Black, 48",4,$713.00,"$1,120.00","$1,628.00","$2,852.00","$4,480.00",,,
000261291,10/3/2021,3,October,2021,30,Young Adults (25-34),F,Germany,Hamburg,Bikes,Road Bikes,"Road-250 Black, 44",1,$713.00,"$1,120.00",$407.00,$713.00,"$1,120.00",,,
000261292,10/3/2021,3,October,2021,36,Adults (35-64),M,Australia,South Australia,Bikes,Road Bikes,"Road-550-W Yellow, 48",1,$713.00,"$1,120.00",$407.00,$713.00,"$1,120.00",,,
000261293,10/3/2021,3,October,2021,38,Adults (35-64),F,Australia,Victoria,Bikes,Road Bikes,"Road-250 Red, 58",1,$713.00,"$1,120.00",$407.00,$713.00,"$1,120.00",,,
000261294,10/3/2021,3,October,2021,51,Adults (35-64),M,United States,Washington,Bikes,Mountain Bikes,"Mountain-100 Black, 48",1,$713.00,"$1,120.00",$407.00,$713.00,"$1,120.00",,,
000261295,10/3/2021,3,October,2021,52,Adults (35-64),M,Australia,New South Wales,Bikes,Mountain Bikes,"Mountain-200 Silver, 38",1,$713.00,"$1,120.00",$407.00,$713.00,"$1,120.00",,,
000261296,10/4/2021,4,October,2021,21,Youth (<25),F,United States,California,Bikes,Road Bikes,"Road-550-W Yellow, 40",4,$713.00,"$1,120.00","$1,628.00","$2,852.00","$4,480.00",,,
000261297,10/4/2021,4,October,2021,53,Adults (35-64),M,France,Hauts de Seine,Bikes,Road Bikes,"Road-250 Black, 58",4,$713.00,"$1,120.00","$1,628.00","$2,852.00","$4,480.00",,,
000261298,10/4/2021,4,October,2021,29,Young Adults (25-34),M,France,Nord,Bikes,Road Bikes,"Road-150 Red, 48",2,$713.00,"$1,120.00",$814.00,"$1,426.00","$2,240.00",,,
000261299,10/4/2021,4,October,2021,45,Adults (35-64),F,United States,California,Bikes,Road Bikes,"Road-750 Black, 52",2,$713.00,"$1,120.00",$814.00,"$1,426.00","$2,240.00",,,
000261300,10/4/2021,4,October,2021,38,Adults (35-64),M,United Kingdom,England,Bikes,Mountain Bikes,"Mountain-200 Silver, 42",1,$713.00,"$1,120.00",$407.00,$713.00,"$1,120.00",,,
000261301,10/4/2021,4,October,2021,38,Adults (35-64),M,United Kingdom,England,Bikes,Road Bikes,"Road-250 Black, 52",1,$713.00,"$1,120.00",$407.00,$713.00,"$1,120.00",,,
000261302,10/4/2021,4,October,2021,54,Adults (35-64),F,United Kingdom,England,Bikes,Road Bikes,"Road-750 Black, 52",1,$713.00,"$1,120.00",$407.00,$713.00,"$1,120.00",,,
000261303,10/5/2021,5,October,2021,30,Young Adults (25-34),M,United States,Washington,Bikes,Mountain Bikes,"Mountain-200 Silver, 38",4,$713.00,"$1,120.00","$1,628.00","$2,852.00","$4,480.00",,,
000261304,10/5/2021,5,October,2021,40,Adults (35-64),M,Germany,Nordrhein-Westfalen,Bikes,Road Bikes,"Road-250 Red, 58",1,$713.00,"$1,120.00",$407.00,$713.00,"$1,120.00",,,
000261305,10/5/2021,5,October,2021,47,Adults (35-64),F,Australia,Victoria,Bikes,Road Bikes,"Road-150 Red, 62",1,$713.00,"$1,120.00",$407.00,$713.00,"$1,120.00",,,
000261306,10/6/2021,6,October,2021,30,Young Adults (25-34),F,United States,California,Bikes,Mountain Bikes,"Mountain-500 Black, 48",4,$713.00,"$1,120.00","$1,628.00","$2,852.00","$4,480.00",,,
000261307,10/6/2021,6,October,2021,37,Adults (35-64),M,Australia,New South Wales,Bikes,Road Bikes,"Road-350-W Yellow, 42",4,$713.00,"$1,120.00","$1,628.00","$2,852.00","$4,480.00",,,
000261308,10/6/2021,6,October,2021,26,Young Adults (25-34),F,Australia,New South Wales,Bikes,Mountain Bikes,"Mountain-200 Black, 46",3,$713.00,"$1,120.00","$1,221.00","$2,139.00","$3,360.00",,,
000261309,10/6/2021,6,October,2021,32,Young Adults (25-34),F,United States,Washington,Bikes,Mountain Bikes,"Mountain-200 Black, 38",3,$713.00,"$1,120.00","$1,221.00","$2,139.00","$3,360.00",,,
000261310,10/6/2021,6,October,2021,24,Youth (<25),F,Australia,Victoria,Bikes,Road Bikes,"Road-550-W Yellow, 40",2,$713.00,"$1,120.00",$814.00,"$1,426.00","$2,240.00",,,
000261311,10/6/2021,6,October,2021,26,Young Adults (25-34),M,Australia,Victoria,Bikes,Road Bikes,"Road-750 Black, 52",1,$713.00,"$1,120.00",$407.00,$713.00,"$1,120.00",,,
000261312,10/6/2021,6,October,2021,29,Young Adults (25-34),F,France,Hauts de Seine,Bikes,Mountain Bikes,"Mountain-200 Silver, 46",1,$713.00,"$1,120.00",$407.00,$713.00,"$1,120.00",,,
000261313,10/7/2021,7,October,2021,43,Adults (35-64),M,Australia,New South Wales,Bikes,Road Bikes,"Road-150 Red, 52",4,$713.00,"$1,120.00","$1,628.00","$2,852.00","$4,480.00",,,
000261314,10/7/2021,7,October,2021,32,Young Adults (25-34),F,Australia,Queensland,Bikes,Mountain Bikes,"Mountain-200 Silver, 42",3,$713.00,"$1,120.00","$1,221.00","$2,139.00","$3,360.00",,,
000261315,10/7/2021,7,October,2021,36,Adults (35-64),F,Australia,Queensland,Bikes,Road Bikes,"Road-350-W Yellow, 44",3,$713.00,"$1,120.00","$1,221.00","$2,139.00","$3,360.00",,,
000261316,10/7/2021,7,October,2021,46,Adults (35-64),F,United States,California,Bikes,Road Bikes,"Road-350-W Yellow, 48",2,$713.00,"$1,120.00",$814.00,"$1,426.00","$2,240.00",,,
000261317,10/7/2021,7,October,2021,37,Adults (35-64),F,Australia,New South Wales,Bikes,Road Bikes,"Road-550-W Yellow, 38",1,$713.00,"$1,120.00",$407.00,$713.00,"$1,120.00",,,
000261318,10/7/2021,7,October,2021,41,Adults (35-64),M,Australia,Queensland,Bikes,Road Bikes,"Road-250 Black, 48",1,$713.00,"$1,120.00",$407.00,$713.00,"$1,120.00",,,
000261319,10/7/2021,7,October,2021,46,Adults (35-64),M,United States,California,Bikes,Road Bikes,"Road-150 Red, 52",1,$713.00,"$1,120.00",$407.00,$713.00,"$1,120.00",,,
000261320,10/8/2021,8,October,2021,35,Adults (35-64),F,Canada,British Columbia,Bikes,Road Bikes,"Road-750 Black, 52",4,$713.00,"$1,120.00","$1,628.00","$2,852.00","$4,480.00",,,
000261321,10/8/2021,8,October,2021,41,Adults (35-64),F,Australia,New South Wales,Bikes,Mountain Bikes,"Mountain-400-W Silver, 38",4,$713.00,"$1,120.00","$1,628.00","$2,852.00","$4,480.00",,,
000261322,10/8/2021,8,October,2021,55,Adults (35-64),M,Australia,Victoria,Bikes,Road Bikes,"Road-350-W Yellow, 48",4,$713.00,"$1,120.00","$1,628.00","$2,852.00","$4,480.00",,,
000261323,10/8/2021,8,October,2021,31,Young Adults (25-34),F,Germany,Saarland,Bikes,Road Bikes,"Road-250 Black, 44",3,$713.00,"$1,120.00","$1,221.00","$2,139.00","$3,360.00",,,
000261324,10/8/2021,8,October,2021,41,Adults (35-64),M,Australia,South Australia,Bikes,Road Bikes,"Road-250 Black, 48",3,$713.00,"$1,120.00","$1,221.00","$2,139.00","$3,360.00",,,
000261325,10/8/2021,8,October,2021,21,Youth (<25),M,United States,California,Bikes,Road Bikes,"Road-250 Black, 48",1,$713.00,"$1,120.00",$407.00,$713.00,"$1,120.00",,,
000261326,10/8/2021,8,October,2021,28,Young Adults (25-34),F,United Kingdom,England,Bikes,Mountain Bikes,"Mountain-200 Black, 46",1,$713.00,"$1,120.00",$407.00,$713.00,"$1,120.00",,,
000261327,10/9/2021,9,October,2021,27,Young Adults (25-34),M,France,Loir et Cher,Bikes,Road Bikes,"Road-750 Black, 52",3,$713.00,"$1,120.00","$1,221.00","$2,139.00","$3,360.00",,,
000261328,10/9/2021,9,October,2021,43,Adults (35-64),M,United Kingdom,England,Bikes,Road Bikes,"Road-550-W Yellow, 48",2,$713.00,"$1,120.00",$814.00,"$1,426.00","$2,240.00",,,
000261329,10/9/2021,9,October,2021,46,Adults (35-64),M,France,Moselle,Bikes,Mountain Bikes,"Mountain-200 Silver, 46",2,$713.00,"$1,120.00",$814.00,"$1,426.00","$2,240.00",,,
000261330,10/10/2021,10,October,2021,38,Adults (35-64),M,United Kingdom,England,Bikes,Road Bikes,"Road-250 Black, 52",3,$713.00,"$1,120.00","$1,221.00","$2,139.00","$3,360.00",,,
000261331,10/10/2021,10,October,2021,36,Adults (35-64),F,United States,California,Bikes,Road Bikes,"Road-650 Red, 62",1,$713.00,"$1,120.00",$407.00,$713.00,"$1,120.00",,,
000261332,10/10/2021,10,October,2021,45,Adults (35-64),F,Australia,New South Wales,Bikes,Road Bikes,"Road-550-W Yellow, 40",1,$713.00,"$1,120.00",$407.00,$713.00,"$1,120.00",,,
000261333,10/10/2021,10,October,2021,47,Adults (35-64),F,Australia,New South Wales,Bikes,Mountain Bikes,"Mountain-500 Silver, 42",1,$713.00,"$1,120.00",$407.00,$713.00,"$1,120.00",,,
000261334,10/11/2021,11,October,2021,37,Adults (35-64),F,Australia,South Australia,Bikes,Road Bikes,"Road-350-W Yellow, 40",4,$713.00,"$1,120.00","$1,628.00","$2,852.00","$4,480.00",,,
000261335,10/11/2021,11,October,2021,44,Adults (35-64),F,Canada,British Columbia,Bikes,Mountain Bikes,"Mountain-500 Black, 42",4,$713.00,"$1,120.00","$1,628.00","$2,852.00","$4,480.00",,,
000261336,10/11/2021,11,October,2021,37,Adults (35-64),F,Australia,New South Wales,Bikes,Road Bikes,"Road-550-W Yellow, 38",3,$713.00,"$1,120.00","$1,221.00","$2,139.00","$3,360.00",,,
000261337,10/11/2021,11,October,2021,26,Young Adults (25-34),F,France,Moselle,Bikes,Road Bikes,"Road-750 Black, 58",1,$713.00,"$1,120.00",$407.00,$713.00,"$1,120.00",,,
000261338,10/11/2021,11,October,2021,26,Young Adults (25-34),M,Germany,Bayern,Bikes,Road Bikes,"Road-250 Red, 48",1,$713.00,"$1,120.00",$407.00,$713.00,"$1,120.00",,,
000261339,10/11/2021,11,October,2021,28,Young Adults (25-34),M,Australia,Tasmania,Bikes,Mountain Bikes,"Mountain-200 Black, 42",1,$713.00,"$1,120.00",$407.00,$713.00,"$1,120.00",,,
000261340,10/11/2021,11,October,2021,35,Adults (35-64),M,Australia,Tasmania,Bikes,Road Bikes,"Road-350-W Yellow, 48",1,$713.00,"$1,120.00",$407.00,$713.00,"$1,120.00",,,
000261341,10/12/2021,12,October,2021,37,Adults (35-64),M,Australia,Victoria,Bikes,Road Bikes,"Road-550-W Yellow, 48",4,$713.00,"$1,120.00","$1,628.00","$2,852.00","$4,480.00",,,
000261342,10/12/2021,12,October,2021,41,Adults (35-64),M,Australia,New South Wales,Bikes,Road Bikes,"Road-750 Black, 48",4,$713.00,"$1,120.00","$1,628.00","$2,852.00","$4,480.00",,,
000261343,10/12/2021,12,October,2021,37,Adults (35-64),M,United Kingdom,England,Bikes,Mountain Bikes,"Mountain-500 Silver, 40",3,$713.00,"$1,120.00","$1,221.00","$2,139.00","$3,360.00",,,
000261344,10/12/2021,12,October,2021,27,Young Adults (25-34),M,United Kingdom,England,Bikes,Road Bikes,"Road-750 Black, 48",2,$713.00,"$1,120.00",$814.00,"$1,426.00","$2,240.00",,,
000261345,10/12/2021,12,October,2021,41,Adults (35-64),M,Germany,Bayern,Bikes,Road Bikes,"Road-650 Black, 52",2,$713.00,"$1,120.00",$814.00,"$1,426.00","$2,240.00",,,
000261346,10/12/2021,12,October,2021,26,Young Adults (25-34),F,Australia,New South Wales,Bikes,Road Bikes,"Road-250 Red, 58",1,$713.00,"$1,120.00",$407.00,$713.00,"$1,120.00",,,
000261347,10/12/2021,12,October,2021,32,Young Adults (25-34),F,France,Nord,Bikes,Road Bikes,"Road-150 Red, 44",1,$713.00,"$1,120.00",$407.00,$713.00,"$1,120.00",,,
000261348,10/12/2021,12,October,2021,39,Adults (35-64),F,Australia,Queensland,Bikes,Road Bikes,"Road-350-W Yellow, 48",1,$713.00,"$1,120.00",$407.00,$713.00,"$1,120.00",,,
000261349,10/12/2021,12,October,2021,44,Adults (35-64),F,Australia,New South Wales,Bikes,Road Bikes,"Road-750 Black, 44",1,$713.00,"$1,120.00",$407.00,$713.00,"$1,120.00",,,
000261350,10/12/2021,12,October,2021,45,Adults (35-64),M,United States,Washington,Bikes,Road Bikes,"Road-150 Red, 56",1,$713.00,"$1,120.00",$407.00,$713.00,"$1,120.00",,,
000261351,10/12/2021,12,October,2021,53,Adults (35-64),F,United Kingdom,England,Bikes,Road Bikes,"Road-250 Black, 52",1,$713.00,"$1,120.00",$407.00,$713.00,"$1,120.00",,,
000261352,10/12/2021,12,October,2021,57,Adults (35-64),M,Australia,Queensland,Bikes,Road Bikes,"Road-550-W Yellow, 42",1,$713.00,"$1,120.00",$407.00,$713.00,"$1,120.00",,,
000261353,10/13/2021,13,October,2021,40,Adults (35-64),M,Australia,Queensland,Bikes,Road Bikes,"Road-250 Black, 48",4,$713.00,"$1,120.00","$1,628.00","$2,852.00","$4,480.00",,,
000261354,10/13/2021,13,October,2021,50,Adults (35-64),M,Australia,New South Wales,Bikes,Mountain Bikes,"Mountain-500 Black, 48",4,$713.00,"$1,120.00","$1,628.00","$2,852.00","$4,480.00",,,
000261355,10/13/2021,13,October,2021,18,Youth (<25),F,United States,Washington,Bikes,Road Bikes,"Road-150 Red, 56",3,$713.00,"$1,120.00","$1,221.00","$2,139.00","$3,360.00",,,
000261356,10/13/2021,13,October,2021,40,Adults (35-64),F,Australia,New South Wales,Bikes,Road Bikes,"Road-250 Black, 52",3,$713.00,"$1,120.00","$1,221.00","$2,139.00","$3,360.00",,,
000261357,10/13/2021,13,October,2021,43,Adults (35-64),M,Australia,New South Wales,Bikes,Mountain Bikes,"Mountain-200 Black, 42",3,$713.00,"$1,120.00","$1,221.00","$2,139.00","$3,360.00",,,
000261358,10/13/2021,13,October,2021,32,Young Adults (25-34),M,United States,Oregon,Bikes,Road Bikes,"Road-750 Black, 52",2,$713.00,"$1,120.00",$814.00,"$1,426.00","$2,240.00",,,
000261359,10/13/2021,13,October,2021,29,Young Adults (25-34),M,Australia,South Australia,Bikes,Road Bikes,"Road-350-W Yellow, 40",1,$713.00,"$1,120.00",$407.00,$713.00,"$1,120.00",,,
000261360,10/13/2021,13,October,2021,30,Young Adults (25-34),M,Germany,Saarland,Bikes,Road Bikes,"Road-650 Red, 52",1,$713.00,"$1,120.00",$407.00,$713.00,"$1,120.00",,,
000261361,10/13/2021,13,October,2021,31,Young Adults (25-34),F,United States,California,Bikes,Mountain Bikes,"Mountain-200 Black, 38",1,$713.00,"$1,120.00",$407.00,$713.00,"$1,120.00",,,
000261362,10/13/2021,13,October,2021,38,Adults (35-64),M,United Kingdom,England,Bikes,Mountain Bikes,"Mountain-200 Silver, 42",1,$713.00,"$1,120.00",$407.00,$713.00,"$1,120.00",,,
000261363,10/13/2021,13,October,2021,45,Adults (35-64),M,Australia,South Australia,Bikes,Road Bikes,"Road-750 Black, 44",1,$713.00,"$1,120.00",$407.00,$713.00,"$1,120.00",,,
000261364,10/13/2021,13,October,2021,47,Adults (35-64),M,Australia,New South Wales,Bikes,Mountain Bikes,"Mountain-500 Silver, 52",1,$713.00,"$1,120.00",$407.00,$713.00,"$1,120.00",,,
000261365,10/13/2021,13,October,2021,55,Adults (35-64),M,Australia,New South Wales,Bikes,Road Bikes,"Road-750 Black, 44",1,$713.00,"$1,120.00",$407.00,$713.00,"$1,120.00",,,
000261366,10/14/2021,14,October,2021,37,Adults (35-64),F,Australia,New South Wales,Bikes,Road Bikes,"Road-550-W Yellow, 38",4,$713.00,"$1,120.00","$1,628.00","$2,852.00","$4,480.00",,,
000261367,10/14/2021,14,October,2021,48,Adults (35-64),F,Australia,New South Wales,Bikes,Road Bikes,"Road-550-W Yellow, 38",3,$713.00,"$1,120.00","$1,221.00","$2,139.00","$3,360.00",,,
000261368,10/14/2021,14,October,2021,45,Adults (35-64),F,Australia,Victoria,Bikes,Road Bikes,"Road-750 Black, 48",2,$713.00,"$1,120.00",$814.00,"$1,426.00","$2,240.00",,,
000261369,10/14/2021,14,October,2021,28,Young Adults (25-34),M,Australia,Queensland,Bikes,Mountain Bikes,"Mountain-200 Silver, 42",1,$713.00,"$1,120.00",$407.00,$713.00,"$1,120.00",,,
000261370,10/14/2021,14,October,2021,31,Young Adults (25-34),M,Germany,Bayern,Bikes,Road Bikes,"Road-250 Red, 52",1,$713.00,"$1,120.00",$407.00,$713.00,"$1,120.00",,,
000261371,10/14/2021,14,October,2021,42,Adults (35-64),F,Germany,Hessen,Bikes,Road Bikes,"Road-650 Red, 62",1,$713.00,"$1,120.00",$407.00,$713.00,"$1,120.00",,,
000261372,10/15/2021,15,October,2021,41,Adults (35-64),M,Australia,Queensland,Bikes,Road Bikes,"Road-250 Black, 48",4,$713.00,"$1,120.00","$1,628.00","$2,852.00","$4,480.00",,,
000261373,10/15/2021,15,October,2021,57,Adults (35-64),M,Australia,New South Wales,Bikes,Road Bikes,"Road-150 Red, 52",4,$713.00,"$1,120.00","$1,628.00","$2,852.00","$4,480.00",,,
000261374,10/15/2021,15,October,2021,24,Youth (<25),F,Australia,Tasmania,Bikes,Road Bikes,"Road-550-W Yellow, 48",3,$713.00,"$1,120.00","$1,221.00","$2,139.00","$3,360.00",,,
000261375,10/15/2021,15,October,2021,43,Adults (35-64),F,United States,Washington,Bikes,Road Bikes,"Road-150 Red, 62",3,$713.00,"$1,120.00","$1,221.00","$2,139.00","$3,360.00",,,
000261376,10/15/2021,15,October,2021,27,Young Adults (25-34),F,United Kingdom,England,Bikes,Mountain Bikes,"Mountain-200 Silver, 38",1,$713.00,"$1,120.00",$407.00,$713.00,"$1,120.00",,,
000261377,10/15/2021,15,October,2021,29,Young Adults (25-34),F,United Kingdom,England,Bikes,Road Bikes,"Road-550-W Yellow, 38",1,$713.00,"$1,120.00",$407.00,$713.00,"$1,120.00",,,
000261378,10/16/2021,16,October,2021,46,Adults (35-64),F,France,Val de Marne,Bikes,Mountain Bikes,"Mountain-200 Black, 46",4,$713.00,"$1,120.00","$1,628.00","$2,852.00","$4,480.00",,,
000261379,10/16/2021,16,October,2021,47,Adults (35-64),M,United States,California,Bikes,Road Bikes,"Road-650 Red, 60",4,$713.00,"$1,120.00","$1,628.00","$2,852.00","$4,480.00",,,
000261380,10/16/2021,16,October,2021,36,Adults (35-64),F,Australia,Queensland,Bikes,Road Bikes,"Road-350-W Yellow, 44",3,$713.00,"$1,120.00","$1,221.00","$2,139.00","$3,360.00",,,
000261381,10/16/2021,16,October,2021,42,Adults (35-64),F,United States,Washington,Bikes,Road Bikes,"Road-750 Black, 48",2,$713.00,"$1,120.00",$814.00,"$1,426.00","$2,240.00",,,
000261382,10/16/2021,16,October,2021,47,Adults (35-64),F,United States,Texas,Bikes,Road Bikes,"Road-650 Red, 62",2,$713.00,"$1,120.00",$814.00,"$1,426.00","$2,240.00",,,
000261383,10/16/2021,16,October,2021,28,Young Adults (25-34),F,United Kingdom,England,Bikes,Mountain Bikes,"Mountain-200 Black, 46",1,$713.00,"$1,120.00",$407.00,$713.00,"$1,120.00",,,
000261384,10/16/2021,16,October,2021,38,Adults (35-64),F,United Kingdom,England,Bikes,Road Bikes,"Road-250 Red, 44",1,$713.00,"$1,120.00",$407.00,$713.00,"$1,120.00",,,
000261385,10/16/2021,16,October,2021,46,Adults (35-64),F,Germany,Saarland,Bikes,Road Bikes,"Road-650 Red, 62",1,$713.00,"$1,120.00",$407.00,$713.00,"$1,120.00",,,
000261386,10/16/2021,16,October,2021,50,Adults (35-64),M,United States,California,Bikes,Mountain Bikes,"Mountain-200 Black, 46",1,$713.00,"$1,120.00",$407.00,$713.00,"$1,120.00",,,
000261387,10/17/2021,17,October,2021,30,Young Adults (25-34),M,France,Seine Saint Denis,Bikes,Road Bikes,"Road-250 Black, 48",4,$713.00,"$1,120.00","$1,628.00","$2,852.00","$4,480.00",,,
000261388,10/17/2021,17,October,2021,45,Adults (35-64),F,United States,Washington,Bikes,Road Bikes,"Road-250 Black, 52",3,$713.00,"$1,120.00","$1,221.00","$2,139.00","$3,360.00",,,
000261389,10/17/2021,17,October,2021,33,Young Adults (25-34),M,Germany,Bayern,Bikes,Road Bikes,"Road-150 Red, 62",2,$713.00,"$1,120.00",$814.00,"$1,426.00","$2,240.00",,,
000261390,10/17/2021,17,October,2021,26,Young Adults (25-34),F,Germany,Hessen,Bikes,Road Bikes,"Road-250 Red, 58",1,$713.00,"$1,120.00",$407.00,$713.00,"$1,120.00",,,
000261391,10/17/2021,17,October,2021,27,Young Adults (25-34),M,United States,California,Bikes,Mountain Bikes,"Mountain-200 Silver, 38",1,$713.00,"$1,120.00",$407.00,$713.00,"$1,120.00",,,
000261392,10/17/2021,17,October,2021,46,Adults (35-64),F,United States,California,Bikes,Road Bikes,"Road-350-W Yellow, 48",1,$713.00,"$1,120.00",$407.00,$713.00,"$1,120.00",,,
000261393,10/18/2021,18,October,2021,51,Adults (35-64),M,United States,Oregon,Bikes,Mountain Bikes,"Mountain-200 Black, 38",4,$713.00,"$1,120.00","$1,628.00","$2,852.00","$4,480.00",,,
000261394,10/18/2021,18,October,2021,27,Young Adults (25-34),M,Australia,New South Wales,Bikes,Mountain Bikes,"Mountain-200 Black, 38",1,$713.00,"$1,120.00",$407.00,$713.00,"$1,120.00",,,
000261395,10/18/2021,18,October,2021,28,Young Adults (25-34),F,Australia,Victoria,Bikes,Mountain Bikes,"Mountain-200 Black, 42",1,$713.00,"$1,120.00",$407.00,$713.00,"$1,120.00",,,
000261396,10/18/2021,18,October,2021,28,Young Adults (25-34),M,United States,California,Bikes,Mountain Bikes,"Mountain-200 Black, 38",1,$713.00,"$1,120.00",$407.00,$713.00,"$1,120.00",,,
000261397,10/18/2021,18,October,2021,30,Young Adults (25-34),F,United States,Washington,Bikes,Mountain Bikes,"Mountain-200 Silver, 38",1,$713.00,"$1,120.00",$407.00,$713.00,"$1,120.00",,,
000261398,10/18/2021,18,October,2021,46,Adults (35-64),F,United States,California,Bikes,Road Bikes,"Road-350-W Yellow, 48",1,$713.00,"$1,120.00",$407.00,$713.00,"$1,120.00",,,
000261399,10/18/2021,18,October,2021,50,Adults (35-64),M,Australia,Victoria,Bikes,Mountain Bikes,"Mountain-500 Silver, 40",1,$713.00,"$1,120.00",$407.00,$713.00,"$1,120.00",,,
000261400,10/19/2021,19,October,2021,46,Adults (35-64),M,United Kingdom,England,Bikes,Road Bikes,"Road-750 Black, 58",4,$713.00,"$1,120.00","$1,628.00","$2,852.00","$4,480.00",,,
000261401,10/19/2021,19,October,2021,28,Young Adults (25-34),F,Australia,Queensland,Bikes,Mountain Bikes,"Mountain-200 Black, 38",3,$713.00,"$1,120.00","$1,221.00","$2,139.00","$3,360.00",,,
000261402,10/19/2021,19,October,2021,29,Young Adults (25-34),M,Australia,New South Wales,Bikes,Mountain Bikes,"Mountain-200 Black, 46",3,$713.00,"$1,120.00","$1,221.00","$2,139.00","$3,360.00",,,
000261403,10/19/2021,19,October,2021,56,Adults (35-64),M,Australia,New South Wales,Bikes,Road Bikes,"Road-550-W Yellow, 44",3,$713.00,"$1,120.00","$1,221.00","$2,139.00","$3,360.00",,,
000261404,10/19/2021,19,October,2021,26,Young Adults (25-34),M,Australia,New South Wales,Bikes,Mountain Bikes,"Mountain-400-W Silver, 46",2,$713.00,"$1,120.00",$814.00,"$1,426.00","$2,240.00",,,
000261405,10/19/2021,19,October,2021,41,Adults (35-64),F,Canada,British Columbia,Bikes,Mountain Bikes,"Mountain-200 Black, 38",2,$713.00,"$1,120.00",$814.00,"$1,426.00","$2,240.00",,,
000261406,10/19/2021,19,October,2021,45,Adults (35-64),M,United States,Washington,Bikes,Road Bikes,"Road-150 Red, 56",2,$713.00,"$1,120.00",$814.00,"$1,426.00","$2,240.00",,,
000261407,10/19/2021,19,October,2021,29,Young Adults (25-34),M,France,Hauts de Seine,Bikes,Mountain Bikes,"Mountain-200 Black, 46",1,$713.00,"$1,120.00",$407.00,$713.00,"$1,120.00",,,
000261408,10/19/2021,19,October,2021,31,Young Adults (25-34),F,United States,Washington,Bikes,Mountain Bikes,"Mountain-200 Silver, 38",1,$713.00,"$1,120.00",$407.00,$713.00,"$1,120.00",,,
000261409,10/19/2021,19,October,2021,31,Young Adults (25-34),M,Australia,Victoria,Bikes,Road Bikes,"Road-550-W Yellow, 44",1,$713.00,"$1,120.00",$407.00,$713.00,"$1,120.00",,,
000261410,10/19/2021,19,October,2021,41,Adults (35-64),M,Australia,Victoria,Bikes,Road Bikes,"Road-250 Red, 58",1,$713.00,"$1,120.00",$407.00,$713.00,"$1,120.00",,,
000261411,10/19/2021,19,October,2021,51,Adults (35-64),F,Australia,New South Wales,Bikes,Mountain Bikes,"Mountain-200 Silver, 42",1,$713.00,"$1,120.00",$407.00,$713.00,"$1,120.00",,,
000261412,10/20/2021,20,October,2021,26,Young Adults (25-34),F,Australia,Queensland,Bikes,Mountain Bikes,"Mountain-200 Silver, 38",3,$713.00,"$1,120.00","$1,221.00","$2,139.00","$3,360.00",,,
000261413,10/20/2021,20,October,2021,30,Young Adults (25-34),M,France,Essonne,Bikes,Road Bikes,"Road-150 Red, 48",3,$713.00,"$1,120.00","$1,221.00","$2,139.00","$3,360.00",,,
000261414,10/20/2021,20,October,2021,39,Adults (35-64),M,United Kingdom,England,Bikes,Road Bikes,"Road-150 Red, 44",2,$713.00,"$1,120.00",$814.00,"$1,426.00","$2,240.00",,,
000261415,10/20/2021,20,October,2021,26,Young Adults (25-34),F,France,Seine (Paris),Bikes,Road Bikes,"Road-250 Red, 58",1,$713.00,"$1,120.00",$407.00,$713.00,"$1,120.00",,,
000261416,10/20/2021,20,October,2021,27,Young Adults (25-34),M,United Kingdom,England,Bikes,Road Bikes,"Road-750 Black, 48",1,$713.00,"$1,120.00",$407.00,$713.00,"$1,120.00",,,
000261417,10/20/2021,20,October,2021,29,Young Adults (25-34),F,United Kingdom,England,Bikes,Road Bikes,"Road-550-W Yellow, 38",1,$713.00,"$1,120.00",$407.00,$713.00,"$1,120.00",,,
000261418,10/20/2021,20,October,2021,29,Young Adults (25-34),M,Canada,British Columbia,Bikes,Road Bikes,"Road-750 Black, 48",1,$713.00,"$1,120.00",$407.00,$713.00,"$1,120.00",,,
000261419,10/20/2021,20,October,2021,35,Adults (35-64),F,Canada,British Columbia,Bikes,Road Bikes,"Road-750 Black, 52",1,$713.00,"$1,120.00",$407.00,$713.00,"$1,120.00",,,
000261420,10/20/2021,20,October,2021,61,Adults (35-64),M,United States,Washington,Bikes,Road Bikes,"Road-250 Black, 48",1,$713.00,"$1,120.00",$407.00,$713.00,"$1,120.00",,,
000261421,10/21/2021,21,October,2021,28,Young Adults (25-34),M,France,Seine (Paris),Bikes,Mountain Bikes,"Mountain-400-W Silver, 46",4,$713.00,"$1,120.00","$1,628.00","$2,852.00","$4,480.00",,,
000261422,10/21/2021,21,October,2021,44,Adults (35-64),F,Germany,Hessen,Bikes,Road Bikes,"Road-650 Red, 60",3,$713.00,"$1,120.00","$1,221.00","$2,139.00","$3,360.00",,,
000261423,10/21/2021,21,October,2021,57,Adults (35-64),F,Australia,Victoria,Bikes,Road Bikes,"Road-750 Black, 58",3,$713.00,"$1,120.00","$1,221.00","$2,139.00","$3,360.00",,,
000261424,10/21/2021,21,October,2021,44,Adults (35-64),M,Australia,South Australia,Bikes,Mountain Bikes,"Mountain-200 Black, 42",2,$713.00,"$1,120.00",$814.00,"$1,426.00","$2,240.00",,,
000261425,10/21/2021,21,October,2021,52,Adults (35-64),M,United States,California,Bikes,Mountain Bikes,"Mountain-200 Silver, 46",2,$713.00,"$1,120.00",$814.00,"$1,426.00","$2,240.00",,,
000261426,10/21/2021,21,October,2021,61,Adults (35-64),F,United States,California,Bikes,Road Bikes,"Road-150 Red, 52",2,$713.00,"$1,120.00",$814.00,"$1,426.00","$2,240.00",,,
000261427,10/21/2021,21,October,2021,23,Youth (<25),M,Australia,New South Wales,Bikes,Road Bikes,"Road-250 Black, 58",1,$713.00,"$1,120.00",$407.00,$713.00,"$1,120.00",,,
000261428,10/21/2021,21,October,2021,32,Young Adults (25-34),F,Australia,New South Wales,Bikes,Mountain Bikes,"Mountain-400-W Silver, 40",1,$713.00,"$1,120.00",$407.00,$713.00,"$1,120.00",,,
000261429,10/21/2021,21,October,2021,32,Young Adults (25-34),F,Australia,Victoria,Bikes,Mountain Bikes,"Mountain-400-W Silver, 46",1,$713.00,"$1,120.00",$407.00,$713.00,"$1,120.00",,,
000261430,10/21/2021,21,October,2021,38,Adults (35-64),F,United Kingdom,England,Bikes,Road Bikes,"Road-150 Red, 56",1,$713.00,"$1,120.00",$407.00,$713.00,"$1,120.00",,,
000261431,10/22/2021,22,October,2021,30,Young Adults (25-34),M,Germany,Bayern,Bikes,Road Bikes,"Road-750 Black, 48",4,$713.00,"$1,120.00","$1,628.00","$2,852.00","$4,480.00",,,
000261432,10/22/2021,22,October,2021,32,Young Adults (25-34),M,Germany,Hamburg,Bikes,Road Bikes,"Road-250 Black, 58",3,$713.00,"$1,120.00","$1,221.00","$2,139.00","$3,360.00",,,
000261433,10/22/2021,22,October,2021,35,Adults (35-64),M,Canada,British Columbia,Bikes,Road Bikes,"Road-750 Black, 52",2,$713.00,"$1,120.00",$814.00,"$1,426.00","$2,240.00",,,
000261434,10/22/2021,22,October,2021,25,Young Adults (25-34),F,Canada,British Columbia,Bikes,Road Bikes,"Road-250 Red, 52",1,$713.00,"$1,120.00",$407.00,$713.00,"$1,120.00",,,
000261435,10/22/2021,22,October,2021,32,Young Adults (25-34),F,United States,California,Bikes,Mountain Bikes,"Mountain-200 Silver, 46",1,$713.00,"$1,120.00",$407.00,$713.00,"$1,120.00",,,
000261436,10/22/2021,22,October,2021,37,Adults (35-64),M,United Kingdom,England,Bikes,Road Bikes,"Road-350-W Yellow, 40",1,$713.00,"$1,120.00",$407.00,$713.00,"$1,120.00",,,
000261437,10/22/2021,22,October,2021,45,Adults (35-64),F,United States,California,Bikes,Road Bikes,"Road-750 Black, 52",1,$713.00,"$1,120.00",$407.00,$713.00,"$1,120.00",,,
000261438,10/23/2021,23,October,2021,27,Young Adults (25-34),F,Australia,South Australia,Bikes,Mountain Bikes,"Mountain-200 Black, 46",1,$713.00,"$1,120.00",$407.00,$713.00,"$1,120.00",,,
000261439,10/23/2021,23,October,2021,29,Young Adults (25-34),M,United Kingdom,England,Bikes,Road Bikes,"Road-350-W Yellow, 48",1,$713.00,"$1,120.00",$407.00,$713.00,"$1,120.00",,,
000261440,10/23/2021,23,October,2021,36,Adults (35-64),M,France,Hauts de Seine,Bikes,Road Bikes,"Road-350-W Yellow, 44",1,$713.00,"$1,120.00",$407.00,$713.00,"$1,120.00",,,
000261441,10/23/2021,23,October,2021,42,Adults (35-64),M,Australia,Victoria,Bikes,Mountain Bikes,"Mountain-200 Silver, 46",1,$713.00,"$1,120.00",$407.00,$713.00,"$1,120.00",,,
000261442,10/23/2021,23,October,2021,42,Adults (35-64),M,Australia,South Australia,Bikes,Mountain Bikes,"Mountain-200 Black, 38",1,$713.00,"$1,120.00",$407.00,$713.00,"$1,120.00",,,
000261443,10/23/2021,23,October,2021,43,Adults (35-64),M,France,Seine Saint Denis,Bikes,Road Bikes,"Road-250 Black, 52",1,$713.00,"$1,120.00",$407.00,$713.00,"$1,120.00",,,
000261444,10/23/2021,23,October,2021,47,Adults (35-64),F,Australia,Queensland,Bikes,Mountain Bikes,"Mountain-200 Black, 46",1,$713.00,"$1,120.00",$407.00,$713.00,"$1,120.00",,,
000261445,10/24/2021,24,October,2021,19,Youth (<25),M,Canada,British Columbia,Bikes,Road Bikes,"Road-150 Red, 56",3,$713.00,"$1,120.00","$1,221.00","$2,139.00","$3,360.00",,,
000261446,10/24/2021,24,October,2021,27,Young Adults (25-34),F,France,Loiret,Bikes,Road Bikes,"Road-750 Black, 48",3,$713.00,"$1,120.00","$1,221.00","$2,139.00","$3,360.00",,,
000261447,10/24/2021,24,October,2021,27,Young Adults (25-34),F,United Kingdom,England,Bikes,Road Bikes,"Road-350-W Yellow, 48",2,$713.00,"$1,120.00",$814.00,"$1,426.00","$2,240.00",,,
000261448,10/24/2021,24,October,2021,41,Adults (35-64),F,Canada,British Columbia,Bikes,Mountain Bikes,"Mountain-200 Black, 38",2,$713.00,"$1,120.00",$814.00,"$1,426.00","$2,240.00",,,
000261449,10/24/2021,24,October,2021,41,Adults (35-64),M,Australia,New South Wales,Bikes,Mountain Bikes,"Mountain-200 Silver, 46",2,$713.00,"$1,120.00",$814.00,"$1,426.00","$2,240.00",,,
000261450,10/24/2021,24,October,2021,27,Young Adults (25-34),M,Canada,British Columbia,Bikes,Road Bikes,"Road-650 Red, 44",1,$713.00,"$1,120.00",$407.00,$713.00,"$1,120.00",,,
000261451,10/24/2021,24,October,2021,30,Young Adults (25-34),F,Australia,New South Wales,Bikes,Mountain Bikes,"Mountain-200 Silver, 38",1,$713.00,"$1,120.00",$407.00,$713.00,"$1,120.00",,,
000261452,10/24/2021,24,October,2021,39,Adults (35-64),F,Australia,Victoria,Bikes,Road Bikes,"Road-150 Red, 56",1,$713.00,"$1,120.00",$407.00,$713.00,"$1,120.00",,,
000261453,10/24/2021,24,October,2021,44,Adults (35-64),F,Australia,Queensland,Bikes,Mountain Bikes,"Mountain-400-W Silver, 38",1,$713.00,"$1,120.00",$407.00,$713.00,"$1,120.00",,,
000261454,10/25/2021,25,October,2021,28,Young Adults (25-34),M,Australia,Victoria,Bikes,Mountain Bikes,"Mountain-200 Black, 38",4,$713.00,"$1,120.00","$1,628.00","$2,852.00","$4,480.00",,,
000261455,10/25/2021,25,October,2021,31,Young Adults (25-34),F,Australia,Victoria,Bikes,Mountain Bikes,"Mountain-200 Black, 46",4,$713.00,"$1,120.00","$1,628.00","$2,852.00","$4,480.00",,,
000261456,10/25/2021,25,October,2021,32,Young Adults (25-34),F,United States,California,Bikes,Mountain Bikes,"Mountain-200 Silver, 46",4,$713.00,"$1,120.00","$1,628.00","$2,852.00","$4,480.00",,,
000261457,10/25/2021,25,October,2021,23,Youth (<25),M,France,Seine (Paris),Bikes,Mountain Bikes,"Mountain-200 Black, 38",3,$713.00,"$1,120.00","$1,221.00","$2,139.00","$3,360.00",,,
000261458,10/25/2021,25,October,2021,41,Adults (35-64),M,Germany,Nordrhein-Westfalen,Bikes,Road Bikes,"Road-550-W Yellow, 40",2,$713.00,"$1,120.00",$814.00,"$1,426.00","$2,240.00",,,
000261459,10/25/2021,25,October,2021,24,Youth (<25),F,Australia,Queensland,Bikes,Road Bikes,"Road-550-W Yellow, 42",1,$713.00,"$1,120.00",$407.00,$713.00,"$1,120.00",,,
000261460,10/25/2021,25,October,2021,37,Adults (35-64),F,Canada,British Columbia,Bikes,Road Bikes,"Road-650 Red, 60",1,$713.00,"$1,120.00",$407.00,$713.00,"$1,120.00",,,
000261461,10/26/2021,26,October,2021,40,Adults (35-64),M,Australia,Victoria,Bikes,Mountain Bikes,"Mountain-200 Black, 42",3,$713.00,"$1,120.00","$1,221.00","$2,139.00","$3,360.00",,,
000261462,10/26/2021,26,October,2021,27,Young Adults (25-34),M,United Kingdom,England,Bikes,Mountain Bikes,"Mountain-400-W Silver, 46",2,$713.00,"$1,120.00",$814.00,"$1,426.00","$2,240.00",,,
000261463,10/26/2021,26,October,2021,23,Youth (<25),F,Australia,New South Wales,Bikes,Road Bikes,"Road-350-W Yellow, 42",1,$713.00,"$1,120.00",$407.00,$713.00,"$1,120.00",,,
000261464,10/26/2021,26,October,2021,32,Young Adults (25-34),M,France,Seine (Paris),Bikes,Road Bikes,"Road-150 Red, 48",1,$713.00,"$1,120.00",$407.00,$713.00,"$1,120.00",,,
000261465,10/26/2021,26,October,2021,37,Adults (35-64),F,United States,Oregon,Bikes,Road Bikes,"Road-550-W Yellow, 42",1,$713.00,"$1,120.00",$407.00,$713.00,"$1,120.00",,,
000261466,10/26/2021,26,October,2021,46,Adults (35-64),F,Australia,Victoria,Bikes,Road Bikes,"Road-750 Black, 48",1,$713.00,"$1,120.00",$407.00,$713.00,"$1,120.00",,,
000261467,10/26/2021,26,October,2021,47,Adults (35-64),F,France,Nord,Bikes,Road Bikes,"Road-250 Red, 52",1,$713.00,"$1,120.00",$407.00,$713.00,"$1,120.00",,,
000261468,10/26/2021,26,October,2021,51,Adults (35-64),F,United States,California,Bikes,Mountain Bikes,"Mountain-400-W Silver, 42",1,$713.00,"$1,120.00",$407.00,$713.00,"$1,120.00",,,
000261469,10/26/2021,26,October,2021,57,Adults (35-64),M,Australia,Queensland,Bikes,Road Bikes,"Road-550-W Yellow, 42",1,$713.00,"$1,120.00",$407.00,$713.00,"$1,120.00",,,
000261470,10/27/2021,27,October,2021,47,Adults (35-64),M,Canada,British Columbia,Bikes,Road Bikes,"Road-750 Black, 58",3,$713.00,"$1,120.00","$1,221.00","$2,139.00","$3,360.00",,,
000261471,10/27/2021,27,October,2021,30,Young Adults (25-34),M,Canada,British Columbia,Bikes,Road Bikes,"Road-750 Black, 52",1,$713.00,"$1,120.00",$407.00,$713.00,"$1,120.00",,,
000261472,10/27/2021,27,October,2021,36,Adults (35-64),F,Australia,Victoria,Bikes,Road Bikes,"Road-550-W Yellow, 48",1,$713.00,"$1,120.00",$407.00,$713.00,"$1,120.00",,,
000261473,10/28/2021,28,October,2021,27,Young Adults (25-34),M,United Kingdom,England,Bikes,Road Bikes,"Road-750 Black, 48",4,$713.00,"$1,120.00","$1,628.00","$2,852.00","$4,480.00",,,
000261474,10/28/2021,28,October,2021,54,Adults (35-64),F,United Kingdom,England,Bikes,Road Bikes,"Road-750 Black, 52",4,$713.00,"$1,120.00","$1,628.00","$2,852.00","$4,480.00",,,
000261475,10/28/2021,28,October,2021,31,Young Adults (25-34),M,Germany,Hessen,Bikes,Road Bikes,"Road-750 Black, 44",3,$713.00,"$1,120.00","$1,221.00","$2,139.00","$3,360.00",,,
000261476,10/28/2021,28,October,2021,54,Adults (35-64),M,Australia,Queensland,Bikes,Road Bikes,"Road-550-W Yellow, 48",2,$713.00,"$1,120.00",$814.00,"$1,426.00","$2,240.00",,,
000261477,10/28/2021,28,October,2021,21,Youth (<25),F,United States,California,Bikes,Road Bikes,"Road-550-W Yellow, 40",1,$713.00,"$1,120.00",$407.00,$713.00,"$1,120.00",,,
000261478,10/28/2021,28,October,2021,42,Adults (35-64),M,Australia,New South Wales,Bikes,Road Bikes,"Road-150 Red, 44",1,$713.00,"$1,120.00",$407.00,$713.00,"$1,120.00",,,
000261479,10/29/2021,29,October,2021,44,Adults (35-64),F,Australia,New South Wales,Bikes,Road Bikes,"Road-750 Black, 44",4,$713.00,"$1,120.00","$1,628.00","$2,852.00","$4,480.00",,,
000261480,10/29/2021,29,October,2021,29,Young Adults (25-34),F,Australia,New South Wales,Bikes,Road Bikes,"Road-250 Black, 44",3,$713.00,"$1,120.00","$1,221.00","$2,139.00","$3,360.00",,,
000261481,10/29/2021,29,October,2021,32,Young Adults (25-34),F,Australia,Queensland,Bikes,Mountain Bikes,"Mountain-200 Silver, 42",2,$713.00,"$1,120.00",$814.00,"$1,426.00","$2,240.00",,,
000261482,10/29/2021,29,October,2021,27,Young Adults (25-34),F,Australia,Queensland,Bikes,Mountain Bikes,"Mountain-200 Silver, 38",1,$713.00,"$1,120.00",$407.00,$713.00,"$1,120.00",,,
000261483,10/29/2021,29,October,2021,32,Young Adults (25-34),M,Australia,Queensland,Bikes,Road Bikes,"Road-350-W Yellow, 42",1,$713.00,"$1,120.00",$407.00,$713.00,"$1,120.00",,,
000261484,10/29/2021,29,October,2021,40,Adults (35-64),F,Germany,Hamburg,Bikes,Road Bikes,"Road-650 Red, 62",1,$713.00,"$1,120.00",$407.00,$713.00,"$1,120.00",,,
000261485,10/30/2021,30,October,2021,33,Young Adults (25-34),F,Australia,Victoria,Bikes,Road Bikes,"Road-250 Black, 58",4,$713.00,"$1,120.00","$1,628.00","$2,852.00","$4,480.00",,,
000261486,10/30/2021,30,October,2021,51,Adults (35-64),M,United States,California,Bikes,Mountain Bikes,"Mountain-400-W Silver, 38",4,$713.00,"$1,120.00","$1,628.00","$2,852.00","$4,480.00",,,
000261487,10/30/2021,30,October,2021,23,Youth (<25),M,United States,California,Bikes,Road Bikes,"Road-550-W Yellow, 42",3,$713.00,"$1,120.00","$1,221.00","$2,139.00","$3,360.00",,,
000261488,10/30/2021,30,October,2021,26,Young Adults (25-34),F,Australia,Queensland,Bikes,Mountain Bikes,"Mountain-200 Silver, 38",3,$713.00,"$1,120.00","$1,221.00","$2,139.00","$3,360.00",,,
000261489,10/30/2021,30,October,2021,33,Young Adults (25-34),F,France,Essonne,Bikes,Road Bikes,"Road-150 Red, 44",3,$713.00,"$1,120.00","$1,221.00","$2,139.00","$3,360.00",,,
000261490,10/30/2021,30,October,2021,42,Adults (35-64),F,Australia,Victoria,Bikes,Road Bikes,"Road-750 Black, 48",3,$713.00,"$1,120.00","$1,221.00","$2,139.00","$3,360.00",,,
000261491,10/30/2021,30,October,2021,53,Adults (35-64),M,France,Seine (Paris),Bikes,Road Bikes,"Road-150 Red, 48",3,$713.00,"$1,120.00","$1,221.00","$2,139.00","$3,360.00",,,
000261492,10/30/2021,30,October,2021,27,Young Adults (25-34),M,France,Essonne,Bikes,Mountain Bikes,"Mountain-200 Black, 42",2,$713.00,"$1,120.00",$814.00,"$1,426.00","$2,240.00",,,
000261493,10/30/2021,30,October,2021,30,Young Adults (25-34),F,France,Seine (Paris),Bikes,Road Bikes,"Road-650 Black, 52",1,$713.00,"$1,120.00",$407.00,$713.00,"$1,120.00",,,
000261494,10/30/2021,30,October,2021,36,Adults (35-64),F,United States,Oregon,Bikes,Road Bikes,"Road-250 Black, 58",1,$713.00,"$1,120.00",$407.00,$713.00,"$1,120.00",,,
000261495,10/30/2021,30,October,2021,43,Adults (35-64),F,United States,California,Bikes,Road Bikes,"Road-150 Red, 44",1,$713.00,"$1,120.00",$407.00,$713.00,"$1,120.00",,,
000261496,10/30/2021,30,October,2021,54,Adults (35-64),M,Australia,New South Wales,Bikes,Road Bikes,"Road-650 Black, 52",1,$713.00,"$1,120.00",$407.00,$713.00,"$1,120.00",,,
000261497,10/31/2021,31,October,2021,21,Youth (<25),F,United States,California,Bikes,Road Bikes,"Road-550-W Yellow, 40",2,$713.00,"$1,120.00",$814.00,"$1,426.00","$2,240.00",,,
000261498,10/31/2021,31,October,2021,45,Adults (35-64),F,United States,California,Bikes,Road Bikes,"Road-750 Black, 52",2,$713.00,"$1,120.00",$814.00,"$1,426.00","$2,240.00",,,
000261499,10/31/2021,31,October,2021,32,Young Adults (25-34),F,Germany,Hamburg,Bikes,Road Bikes,"Road-250 Black, 44",1,$713.00,"$1,120.00",$407.00,$713.00,"$1,120.00",,,
000261500,10/31/2021,31,October,2021,39,Adults (35-64),F,United Kingdom,England,Bikes,Road Bikes,"Road-750 Black, 48",1,$713.00,"$1,120.00",$407.00,$713.00,"$1,120.00",,,
000261501,10/31/2021,31,October,2021,57,Adults (35-64),M,Australia,Victoria,Bikes,Road Bikes,"Road-550-W Yellow, 48",1,$713.00,"$1,120.00",$407.00,$713.00,"$1,120.00",,,
000261502,11/1/2021,1,November,2021,17,Youth (<25),M,Australia,Victoria,Bikes,Road Bikes,"Road-750 Black, 48",3,$713.00,"$1,120.00","$1,221.00","$2,139.00","$3,360.00",,,
000261503,11/1/2021,1,November,2021,20,Youth (<25),M,Australia,Victoria,Bikes,Road Bikes,"Road-750 Black, 44",1,$713.00,"$1,120.00",$407.00,$713.00,"$1,120.00",,,
000261504,11/1/2021,1,November,2021,37,Adults (35-64),M,United States,California,Bikes,Road Bikes,"Road-650 Red, 48",1,$713.00,"$1,120.00",$407.00,$713.00,"$1,120.00",,,
000261505,11/1/2021,1,November,2021,44,Adults (35-64),M,United Kingdom,England,Bikes,Road Bikes,"Road-550-W Yellow, 48",1,$713.00,"$1,120.00",$407.00,$713.00,"$1,120.00",,,
000261506,11/1/2021,1,November,2021,48,Adults (35-64),M,Germany,Hessen,Bikes,Road Bikes,"Road-650 Black, 60",1,$713.00,"$1,120.00",$407.00,$713.00,"$1,120.00",,,
000261507,11/1/2021,1,November,2021,56,Adults (35-64),F,United States,Oregon,Bikes,Road Bikes,"Road-250 Black, 52",1,$713.00,"$1,120.00",$407.00,$713.00,"$1,120.00",,,
000261508,11/2/2021,2,November,2021,19,Youth (<25),M,United States,California,Bikes,Mountain Bikes,"Mountain-400-W Silver, 42",4,$713.00,"$1,120.00","$1,628.00","$2,852.00","$4,480.00",,,
000261509,11/2/2021,2,November,2021,41,Adults (35-64),F,Germany,Hessen,Bikes,Mountain Bikes,"Mountain-200 Silver, 46",4,$713.00,"$1,120.00","$1,628.00","$2,852.00","$4,480.00",,,
000261510,11/2/2021,2,November,2021,17,Youth (<25),M,Australia,New South Wales,Bikes,Road Bikes,"Road-650 Red, 48",3,$713.00,"$1,120.00","$1,221.00","$2,139.00","$3,360.00",,,
000261511,11/2/2021,2,November,2021,17,Youth (<25),M,Australia,Victoria,Bikes,Road Bikes,"Road-750 Black, 48",3,$713.00,"$1,120.00","$1,221.00","$2,139.00","$3,360.00",,,
000261512,11/3/2021,3,November,2021,18,Youth (<25),F,Australia,Queensland,Bikes,Road Bikes,"Road-150 Red, 62",4,$713.00,"$1,120.00","$1,628.00","$2,852.00","$4,480.00",,,
000261513,11/3/2021,3,November,2021,28,Young Adults (25-34),M,United Kingdom,England,Bikes,Road Bikes,"Road-150 Red, 62",4,$713.00,"$1,120.00","$1,628.00","$2,852.00","$4,480.00",,,
000261514,11/3/2021,3,November,2021,24,Youth (<25),F,Australia,New South Wales,Bikes,Road Bikes,"Road-250 Black, 52",2,$713.00,"$1,120.00",$814.00,"$1,426.00","$2,240.00",,,
000261515,11/3/2021,3,November,2021,29,Young Adults (25-34),M,Germany,Saarland,Bikes,Road Bikes,"Road-150 Red, 52",1,$713.00,"$1,120.00",$407.00,$713.00,"$1,120.00",,,
000261516,11/3/2021,3,November,2021,45,Adults (35-64),F,Canada,British Columbia,Bikes,Mountain Bikes,"Mountain-200 Silver, 38",1,$713.00,"$1,120.00",$407.00,$713.00,"$1,120.00",,,
000261517,11/3/2021,3,November,2021,47,Adults (35-64),F,United States,Washington,Bikes,Mountain Bikes,"Mountain-500 Silver, 40",1,$713.00,"$1,120.00",$407.00,$713.00,"$1,120.00",,,
000261518,11/4/2021,4,November,2021,58,Adults (35-64),F,United States,Oregon,Bikes,Road Bikes,"Road-250 Black, 52",1,$713.00,"$1,120.00",$407.00,$713.00,"$1,120.00",,,
000261519,11/5/2021,5,November,2021,25,Young Adults (25-34),F,Australia,New South Wales,Bikes,Road Bikes,"Road-250 Black, 52",3,$713.00,"$1,120.00","$1,221.00","$2,139.00","$3,360.00",,,
000261520,11/5/2021,5,November,2021,24,Youth (<25),F,Germany,Nordrhein-Westfalen,Bikes,Road Bikes,"Road-550-W Yellow, 42",2,$713.00,"$1,120.00",$814.00,"$1,426.00","$2,240.00",,,
000261521,11/5/2021,5,November,2021,25,Young Adults (25-34),M,United States,California,Bikes,Road Bikes,"Road-750 Black, 52",1,$713.00,"$1,120.00",$407.00,$713.00,"$1,120.00",,,
000261522,11/5/2021,5,November,2021,25,Young Adults (25-34),M,Australia,Queensland,Bikes,Road Bikes,"Road-550-W Yellow, 40",1,$713.00,"$1,120.00",$407.00,$713.00,"$1,120.00",,,
000261523,11/5/2021,5,November,2021,31,Young Adults (25-34),F,United States,Oregon,Bikes,Road Bikes,"Road-150 Red, 52",1,$713.00,"$1,120.00",$407.00,$713.00,"$1,120.00",,,
000261524,11/5/2021,5,November,2021,34,Young Adults (25-34),F,Germany,Hessen,Bikes,Road Bikes,"Road-750 Black, 48",1,$713.00,"$1,120.00",$407.00,$713.00,"$1,120.00",,,
000261525,11/6/2021,6,November,2021,24,Youth (<25),F,France,Seine et Marne,Bikes,Road Bikes,"Road-250 Red, 58",3,$713.00,"$1,120.00","$1,221.00","$2,139.00","$3,360.00",,,
000261526,11/6/2021,6,November,2021,36,Adults (35-64),F,United States,California,Bikes,Road Bikes,"Road-650 Red, 62",2,$713.00,"$1,120.00",$814.00,"$1,426.00","$2,240.00",,,
000261527,11/6/2021,6,November,2021,40,Adults (35-64),F,Australia,South Australia,Bikes,Mountain Bikes,"Mountain-200 Silver, 42",2,$713.00,"$1,120.00",$814.00,"$1,426.00","$2,240.00",,,
000261528,11/6/2021,6,November,2021,19,Youth (<25),F,Australia,Queensland,Bikes,Road Bikes,"Road-750 Black, 52",1,$713.00,"$1,120.00",$407.00,$713.00,"$1,120.00",,,
000261529,11/6/2021,6,November,2021,24,Youth (<25),F,Australia,Victoria,Bikes,Road Bikes,"Road-550-W Yellow, 40",1,$713.00,"$1,120.00",$407.00,$713.00,"$1,120.00",,,
000261530,11/6/2021,6,November,2021,29,Young Adults (25-34),F,France,Seine Saint Denis,Bikes,Road Bikes,"Road-550-W Yellow, 48",1,$713.00,"$1,120.00",$407.00,$713.00,"$1,120.00",,,
000261531,11/6/2021,6,November,2021,29,Young Adults (25-34),F,United Kingdom,England,Bikes,Road Bikes,"Road-550-W Yellow, 38",1,$713.00,"$1,120.00",$407.00,$713.00,"$1,120.00",,,
000261532,11/6/2021,6,November,2021,35,Adults (35-64),F,Germany,Hessen,Bikes,Road Bikes,"Road-250 Black, 58",1,$713.00,"$1,120.00",$407.00,$713.00,"$1,120.00",,,
000261533,11/6/2021,6,November,2021,40,Adults (35-64),F,Australia,New South Wales,Bikes,Road Bikes,"Road-250 Black, 52",1,$713.00,"$1,120.00",$407.00,$713.00,"$1,120.00",,,
000261534,11/7/2021,7,November,2021,56,Adults (35-64),F,United States,California,Bikes,Road Bikes,"Road-550-W Yellow, 44",4,$713.00,"$1,120.00","$1,628.00","$2,852.00","$4,480.00",,,
000261535,11/7/2021,7,November,2021,25,Young Adults (25-34),F,United States,Oregon,Bikes,Road Bikes,"Road-550-W Yellow, 40",3,$713.00,"$1,120.00","$1,221.00","$2,139.00","$3,360.00",,,
000261536,11/7/2021,7,November,2021,50,Adults (35-64),M,Germany,Nordrhein-Westfalen,Bikes,Road Bikes,"Road-650 Red, 62",2,$713.00,"$1,120.00",$814.00,"$1,426.00","$2,240.00",,,
000261537,11/7/2021,7,November,2021,18,Youth (<25),F,Australia,Queensland,Bikes,Road Bikes,"Road-150 Red, 62",1,$713.00,"$1,120.00",$407.00,$713.00,"$1,120.00",,,
000261538,11/7/2021,7,November,2021,29,Young Adults (25-34),M,United States,California,Bikes,Mountain Bikes,"Mountain-200 Black, 38",1,$713.00,"$1,120.00",$407.00,$713.00,"$1,120.00",,,
000261539,11/8/2021,8,November,2021,25,Young Adults (25-34),M,Australia,New South Wales,Bikes,Road Bikes,"Road-550-W Yellow, 44",4,$713.00,"$1,120.00","$1,628.00","$2,852.00","$4,480.00",,,
000261540,11/8/2021,8,November,2021,35,Adults (35-64),M,Canada,British Columbia,Bikes,Mountain Bikes,"Mountain-500 Black, 44",2,$713.00,"$1,120.00",$814.00,"$1,426.00","$2,240.00",,,
000261541,11/8/2021,8,November,2021,17,Youth (<25),M,Australia,New South Wales,Bikes,Road Bikes,"Road-650 Red, 48",1,$713.00,"$1,120.00",$407.00,$713.00,"$1,120.00",,,
000261542,11/8/2021,8,November,2021,39,Adults (35-64),M,Australia,Victoria,Bikes,Mountain Bikes,"Mountain-400-W Silver, 40",1,$713.00,"$1,120.00",$407.00,$713.00,"$1,120.00",,,
000261543,11/8/2021,8,November,2021,40,Adults (35-64),M,Australia,New South Wales,Bikes,Road Bikes,"Road-250 Red, 58",1,$713.00,"$1,120.00",$407.00,$713.00,"$1,120.00",,,
000261544,11/8/2021,8,November,2021,41,Adults (35-64),M,United Kingdom,England,Bikes,Road Bikes,"Road-250 Red, 48",1,$713.00,"$1,120.00",$407.00,$713.00,"$1,120.00",,,
000261545,11/8/2021,8,November,2021,46,Adults (35-64),M,United States,Washington,Bikes,Mountain Bikes,"Mountain-200 Black, 42",1,$713.00,"$1,120.00",$407.00,$713.00,"$1,120.00",,,
000261546,11/9/2021,9,November,2021,33,Young Adults (25-34),F,France,Hauts de Seine,Bikes,Road Bikes,"Road-550-W Yellow, 42",4,$713.00,"$1,120.00","$1,628.00","$2,852.00","$4,480.00",,,
000261547,11/9/2021,9,November,2021,63,Adults (35-64),F,United States,California,Bikes,Road Bikes,"Road-250 Black, 44",4,$713.00,"$1,120.00","$1,628.00","$2,852.00","$4,480.00",,,
000261548,11/9/2021,9,November,2021,25,Young Adults (25-34),M,Australia,Victoria,Bikes,Road Bikes,"Road-550-W Yellow, 38",3,$713.00,"$1,120.00","$1,221.00","$2,139.00","$3,360.00",,,
000261549,11/9/2021,9,November,2021,41,Adults (35-64),F,Germany,Hamburg,Bikes,Mountain Bikes,"Mountain-200 Silver, 42",3,$713.00,"$1,120.00","$1,221.00","$2,139.00","$3,360.00",,,
000261550,11/10/2021,10,November,2021,39,Adults (35-64),F,United Kingdom,England,Bikes,Road Bikes,"Road-750 Black, 48",3,$713.00,"$1,120.00","$1,221.00","$2,139.00","$3,360.00",,,
000261551,11/10/2021,10,November,2021,52,Adults (35-64),M,United Kingdom,England,Bikes,Mountain Bikes,"Mountain-200 Black, 42",3,$713.00,"$1,120.00","$1,221.00","$2,139.00","$3,360.00",,,
000261552,11/10/2021,10,November,2021,20,Youth (<25),M,Australia,Victoria,Bikes,Road Bikes,"Road-750 Black, 44",1,$713.00,"$1,120.00",$407.00,$713.00,"$1,120.00",,,
000261553,11/10/2021,10,November,2021,21,Youth (<25),M,Australia,New South Wales,Bikes,Road Bikes,"Road-250 Black, 58",1,$713.00,"$1,120.00",$407.00,$713.00,"$1,120.00",,,
000261554,11/10/2021,10,November,2021,25,Young Adults (25-34),F,Germany,Hamburg,Bikes,Road Bikes,"Road-250 Black, 58",1,$713.00,"$1,120.00",$407.00,$713.00,"$1,120.00",,,
000261555,11/10/2021,10,November,2021,34,Young Adults (25-34),M,Germany,Nordrhein-Westfalen,Bikes,Mountain Bikes,"Mountain-400-W Silver, 42",1,$713.00,"$1,120.00",$407.00,$713.00,"$1,120.00",,,
000261556,11/10/2021,10,November,2021,50,Adults (35-64),F,United States,Washington,Bikes,Mountain Bikes,"Mountain-200 Black, 46",1,$713.00,"$1,120.00",$407.00,$713.00,"$1,120.00",,,
000261557,11/11/2021,11,November,2021,17,Youth (<25),M,Australia,Queensland,Bikes,Road Bikes,"Road-650 Red, 58",4,$713.00,"$1,120.00","$1,628.00","$2,852.00","$4,480.00",,,
000261558,11/11/2021,11,November,2021,34,Young Adults (25-34),F,Germany,Hamburg,Bikes,Road Bikes,"Road-350-W Yellow, 40",4,$713.00,"$1,120.00","$1,628.00","$2,852.00","$4,480.00",,,
000261559,11/11/2021,11,November,2021,18,Youth (<25),M,Australia,Victoria,Bikes,Road Bikes,"Road-750 Black, 52",3,$713.00,"$1,120.00","$1,221.00","$2,139.00","$3,360.00",,,
000261560,11/11/2021,11,November,2021,22,Youth (<25),M,Australia,New South Wales,Bikes,Road Bikes,"Road-150 Red, 48",3,$713.00,"$1,120.00","$1,221.00","$2,139.00","$3,360.00",,,
000261561,11/11/2021,11,November,2021,30,Young Adults (25-34),F,United States,California,Bikes,Mountain Bikes,"Mountain-500 Black, 48",3,$713.00,"$1,120.00","$1,221.00","$2,139.00","$3,360.00",,,
000261562,11/11/2021,11,November,2021,39,Adults (35-64),M,France,Seine (Paris),Bikes,Road Bikes,"Road-550-W Yellow, 40",3,$713.00,"$1,120.00","$1,221.00","$2,139.00","$3,360.00",,,
000261563,11/11/2021,11,November,2021,22,Youth (<25),F,United States,California,Bikes,Mountain Bikes,"Mountain-200 Silver, 46",2,$713.00,"$1,120.00",$814.00,"$1,426.00","$2,240.00",,,
000261564,11/11/2021,11,November,2021,18,Youth (<25),F,Australia,New South Wales,Bikes,Road Bikes,"Road-750 Black, 58",1,$713.00,"$1,120.00",$407.00,$713.00,"$1,120.00",,,
000261565,11/11/2021,11,November,2021,22,Youth (<25),F,Germany,Saarland,Bikes,Mountain Bikes,"Mountain-200 Black, 38",1,$713.00,"$1,120.00",$407.00,$713.00,"$1,120.00",,,
000261566,11/11/2021,11,November,2021,24,Youth (<25),F,Australia,Queensland,Bikes,Road Bikes,"Road-550-W Yellow, 42",1,$713.00,"$1,120.00",$407.00,$713.00,"$1,120.00",,,
000261567,11/11/2021,11,November,2021,39,Adults (35-64),M,United Kingdom,England,Bikes,Road Bikes,"Road-150 Red, 44",1,$713.00,"$1,120.00",$407.00,$713.00,"$1,120.00",,,
000261568,11/12/2021,12,November,2021,24,Youth (<25),F,Australia,New South Wales,Bikes,Road Bikes,"Road-250 Black, 52",4,$713.00,"$1,120.00","$1,628.00","$2,852.00","$4,480.00",,,
000261569,11/12/2021,12,November,2021,24,Youth (<25),F,Australia,Queensland,Bikes,Road Bikes,"Road-550-W Yellow, 42",4,$713.00,"$1,120.00","$1,628.00","$2,852.00","$4,480.00",,,
000261570,11/12/2021,12,November,2021,22,Youth (<25),M,France,Nord,Bikes,Road Bikes,"Road-350-W Yellow, 48",2,$713.00,"$1,120.00",$814.00,"$1,426.00","$2,240.00",,,
000261571,11/12/2021,12,November,2021,31,Young Adults (25-34),M,United Kingdom,England,Bikes,Road Bikes,"Road-350-W Yellow, 40",1,$713.00,"$1,120.00",$407.00,$713.00,"$1,120.00",,,
000261572,11/12/2021,12,November,2021,39,Adults (35-64),F,United Kingdom,England,Bikes,Road Bikes,"Road-750 Black, 48",1,$713.00,"$1,120.00",$407.00,$713.00,"$1,120.00",,,
000261573,11/12/2021,12,November,2021,44,Adults (35-64),F,United States,Oregon,Bikes,Road Bikes,"Road-750 Black, 44",1,$713.00,"$1,120.00",$407.00,$713.00,"$1,120.00",,,
000261574,11/13/2021,13,November,2021,28,Young Adults (25-34),M,Australia,Tasmania,Bikes,Road Bikes,"Road-250 Black, 52",4,$713.00,"$1,120.00","$1,628.00","$2,852.00","$4,480.00",,,
000261575,11/13/2021,13,November,2021,24,Youth (<25),M,Germany,Hessen,Bikes,Road Bikes,"Road-550-W Yellow, 42",1,$713.00,"$1,120.00",$407.00,$713.00,"$1,120.00",,,
000261576,11/13/2021,13,November,2021,29,Young Adults (25-34),F,United States,California,Bikes,Mountain Bikes,"Mountain-200 Silver, 42",1,$713.00,"$1,120.00",$407.00,$713.00,"$1,120.00",,,
000261577,11/13/2021,13,November,2021,60,Adults (35-64),M,United States,California,Bikes,Road Bikes,"Road-150 Red, 48",1,$713.00,"$1,120.00",$407.00,$713.00,"$1,120.00",,,
000261578,11/14/2021,14,November,2021,19,Youth (<25),F,Germany,Nordrhein-Westfalen,Bikes,Road Bikes,"Road-250 Black, 58",3,$713.00,"$1,120.00","$1,221.00","$2,139.00","$3,360.00",,,
000261579,11/14/2021,14,November,2021,23,Youth (<25),F,United States,Washington,Bikes,Road Bikes,"Road-150 Red, 48",3,$713.00,"$1,120.00","$1,221.00","$2,139.00","$3,360.00",,,
000261580,11/14/2021,14,November,2021,22,Youth (<25),F,Germany,Nordrhein-Westfalen,Bikes,Mountain Bikes,"Mountain-200 Black, 38",2,$713.00,"$1,120.00",$814.00,"$1,426.00","$2,240.00",,,
000261581,11/14/2021,14,November,2021,56,Adults (35-64),M,United States,Washington,Bikes,Road Bikes,"Road-250 Red, 52",1,$713.00,"$1,120.00",$407.00,$713.00,"$1,120.00",,,
000261582,11/14/2021,14,November,2021,56,Adults (35-64),M,United States,Washington,Bikes,Road Bikes,"Road-250 Red, 52",1,$713.00,"$1,120.00",$407.00,$713.00,"$1,120.00",,,
000261583,11/15/2021,15,November,2021,19,Youth (<25),F,United States,California,Bikes,Mountain Bikes,"Mountain-200 Black, 46",1,$713.00,"$1,120.00",$407.00,$713.00,"$1,120.00",,,
000261584,11/15/2021,15,November,2021,34,Young Adults (25-34),F,United States,California,Bikes,Road Bikes,"Road-250 Black, 52",1,$713.00,"$1,120.00",$407.00,$713.00,"$1,120.00",,,
000261585,11/15/2021,15,November,2021,40,Adults (35-64),M,United Kingdom,England,Bikes,Road Bikes,"Road-750 Black, 44",1,$713.00,"$1,120.00",$407.00,$713.00,"$1,120.00",,,
000261586,11/16/2021,16,November,2021,25,Young Adults (25-34),M,Australia,Queensland,Bikes,Road Bikes,"Road-550-W Yellow, 40",3,$713.00,"$1,120.00","$1,221.00","$2,139.00","$3,360.00",,,
000261587,11/16/2021,16,November,2021,40,Adults (35-64),F,Germany,Hamburg,Bikes,Mountain Bikes,"Mountain-200 Black, 38",3,$713.00,"$1,120.00","$1,221.00","$2,139.00","$3,360.00",,,
000261588,11/16/2021,16,November,2021,20,Youth (<25),F,Germany,Saarland,Bikes,Road Bikes,"Road-350-W Yellow, 48",2,$713.00,"$1,120.00",$814.00,"$1,426.00","$2,240.00",,,
000261589,11/16/2021,16,November,2021,20,Youth (<25),M,Australia,Queensland,Bikes,Road Bikes,"Road-750 Black, 44",1,$713.00,"$1,120.00",$407.00,$713.00,"$1,120.00",,,
000261590,11/16/2021,16,November,2021,23,Youth (<25),M,United States,Oregon,Bikes,Road Bikes,"Road-350-W Yellow, 42",1,$713.00,"$1,120.00",$407.00,$713.00,"$1,120.00",,,
000261591,11/16/2021,16,November,2021,25,Young Adults (25-34),M,France,Seine (Paris),Bikes,Road Bikes,"Road-550-W Yellow, 44",1,$713.00,"$1,120.00",$407.00,$713.00,"$1,120.00",,,
000261592,11/16/2021,16,November,2021,33,Young Adults (25-34),F,United States,California,Bikes,Mountain Bikes,"Mountain-200 Black, 42",1,$713.00,"$1,120.00",$407.00,$713.00,"$1,120.00",,,
000261593,11/16/2021,16,November,2021,41,Adults (35-64),M,United Kingdom,England,Bikes,Road Bikes,"Road-250 Red, 48",1,$713.00,"$1,120.00",$407.00,$713.00,"$1,120.00",,,
000261594,11/17/2021,17,November,2021,26,Young Adults (25-34),F,Australia,Queensland,Bikes,Road Bikes,"Road-750 Black, 52",2,$713.00,"$1,120.00",$814.00,"$1,426.00","$2,240.00",,,
000261595,11/17/2021,17,November,2021,28,Young Adults (25-34),M,United Kingdom,England,Bikes,Road Bikes,"Road-150 Red, 62",2,$713.00,"$1,120.00",$814.00,"$1,426.00","$2,240.00",,,
000261596,11/17/2021,17,November,2021,21,Youth (<25),F,Australia,New South Wales,Bikes,Road Bikes,"Road-250 Black, 58",1,$713.00,"$1,120.00",$407.00,$713.00,"$1,120.00",,,
000261597,11/17/2021,17,November,2021,28,Young Adults (25-34),M,United Kingdom,England,Bikes,Mountain Bikes,"Mountain-200 Black, 38",1,$713.00,"$1,120.00",$407.00,$713.00,"$1,120.00",,,
000261598,11/17/2021,17,November,2021,34,Young Adults (25-34),F,Germany,Hessen,Bikes,Road Bikes,"Road-750 Black, 48",1,$713.00,"$1,120.00",$407.00,$713.00,"$1,120.00",,,
000261599,11/17/2021,17,November,2021,41,Adults (35-64),M,United States,Washington,Bikes,Road Bikes,"Road-150 Red, 48",1,$713.00,"$1,120.00",$407.00,$713.00,"$1,120.00",,,
000261600,11/18/2021,18,November,2021,17,Youth (<25),M,Australia,New South Wales,Bikes,Road Bikes,"Road-650 Red, 48",2,$713.00,"$1,120.00",$814.00,"$1,426.00","$2,240.00",,,
000261601,11/18/2021,18,November,2021,17,Youth (<25),M,Australia,Queensland,Bikes,Road Bikes,"Road-650 Red, 58",1,$713.00,"$1,120.00",$407.00,$713.00,"$1,120.00",,,
000261602,11/18/2021,18,November,2021,22,Youth (<25),M,Australia,Victoria,Bikes,Road Bikes,"Road-650 Black, 44",1,$713.00,"$1,120.00",$407.00,$713.00,"$1,120.00",,,
000261603,11/18/2021,18,November,2021,23,Youth (<25),F,United States,California,Bikes,Road Bikes,"Road-550-W Yellow, 42",1,$713.00,"$1,120.00",$407.00,$713.00,"$1,120.00",,,
000261604,11/18/2021,18,November,2021,25,Young Adults (25-34),M,Australia,Victoria,Bikes,Road Bikes,"Road-550-W Yellow, 38",1,$713.00,"$1,120.00",$407.00,$713.00,"$1,120.00",,,
000261605,11/18/2021,18,November,2021,27,Young Adults (25-34),M,France,Seine (Paris),Bikes,Road Bikes,"Road-550-W Yellow, 38",1,$713.00,"$1,120.00",$407.00,$713.00,"$1,120.00",,,
000261606,11/18/2021,18,November,2021,49,Adults (35-64),F,United States,California,Bikes,Mountain Bikes,"Mountain-200 Black, 46",1,$713.00,"$1,120.00",$407.00,$713.00,"$1,120.00",,,
000261607,11/19/2021,19,November,2021,33,Young Adults (25-34),M,United States,California,Bikes,Mountain Bikes,"Mountain-200 Silver, 42",4,$713.00,"$1,120.00","$1,628.00","$2,852.00","$4,480.00",,,
000261608,11/19/2021,19,November,2021,30,Young Adults (25-34),M,United States,Washington,Bikes,Mountain Bikes,"Mountain-200 Silver, 38",2,$713.00,"$1,120.00",$814.00,"$1,426.00","$2,240.00",,,
000261609,11/19/2021,19,November,2021,44,Adults (35-64),F,Germany,Hessen,Bikes,Road Bikes,"Road-650 Red, 60",1,$713.00,"$1,120.00",$407.00,$713.00,"$1,120.00",,,
000261610,11/19/2021,19,November,2021,45,Adults (35-64),M,United Kingdom,England,Bikes,Road Bikes,"Road-650 Black, 60",1,$713.00,"$1,120.00",$407.00,$713.00,"$1,120.00",,,
000261611,11/20/2021,20,November,2021,40,Adults (35-64),F,Germany,Bayern,Bikes,Mountain Bikes,"Mountain-200 Silver, 42",4,$713.00,"$1,120.00","$1,628.00","$2,852.00","$4,480.00",,,
000261612,11/20/2021,20,November,2021,40,Adults (35-64),F,Australia,Queensland,Bikes,Road Bikes,"Road-350-W Yellow, 40",4,$713.00,"$1,120.00","$1,628.00","$2,852.00","$4,480.00",,,
000261613,11/20/2021,20,November,2021,41,Adults (35-64),M,United States,Washington,Bikes,Road Bikes,"Road-150 Red, 48",3,$713.00,"$1,120.00","$1,221.00","$2,139.00","$3,360.00",,,
000261614,11/20/2021,20,November,2021,48,Adults (35-64),M,United States,Washington,Bikes,Mountain Bikes,"Mountain-200 Silver, 46",3,$713.00,"$1,120.00","$1,221.00","$2,139.00","$3,360.00",,,
000261615,11/20/2021,20,November,2021,38,Adults (35-64),F,Australia,Queensland,Bikes,Mountain Bikes,"Mountain-200 Black, 38",2,$713.00,"$1,120.00",$814.00,"$1,426.00","$2,240.00",,,
000261616,11/20/2021,20,November,2021,18,Youth (<25),F,Australia,New South Wales,Bikes,Road Bikes,"Road-750 Black, 58",1,$713.00,"$1,120.00",$407.00,$713.00,"$1,120.00",,,
000261617,11/20/2021,20,November,2021,27,Young Adults (25-34),M,Australia,Queensland,Bikes,Road Bikes,"Road-250 Black, 44",1,$713.00,"$1,120.00",$407.00,$713.00,"$1,120.00",,,
000261618,11/20/2021,20,November,2021,29,Young Adults (25-34),M,United States,California,Bikes,Mountain Bikes,"Mountain-200 Black, 38",1,$713.00,"$1,120.00",$407.00,$713.00,"$1,120.00",,,
000261619,11/20/2021,20,November,2021,39,Adults (35-64),F,Germany,Saarland,Bikes,Mountain Bikes,"Mountain-200 Silver, 38",1,$713.00,"$1,120.00",$407.00,$713.00,"$1,120.00",,,
000261620,11/21/2021,21,November,2021,32,Young Adults (25-34),F,Germany,Saarland,Bikes,Road Bikes,"Road-150 Red, 56",4,$713.00,"$1,120.00","$1,628.00","$2,852.00","$4,480.00",,,
000261621,11/21/2021,21,November,2021,35,Adults (35-64),M,United States,Washington,Bikes,Road Bikes,"Road-150 Red, 44",4,$713.00,"$1,120.00","$1,628.00","$2,852.00","$4,480.00",,,
000261622,11/21/2021,21,November,2021,25,Young Adults (25-34),M,Germany,Hessen,Bikes,Road Bikes,"Road-350-W Yellow, 40",2,$713.00,"$1,120.00",$814.00,"$1,426.00","$2,240.00",,,
000261623,11/21/2021,21,November,2021,29,Young Adults (25-34),M,United Kingdom,England,Bikes,Mountain Bikes,"Mountain-200 Black, 38",2,$713.00,"$1,120.00",$814.00,"$1,426.00","$2,240.00",,,
000261624,11/21/2021,21,November,2021,52,Adults (35-64),F,Canada,British Columbia,Bikes,Road Bikes,"Road-550-W Yellow, 44",2,$713.00,"$1,120.00",$814.00,"$1,426.00","$2,240.00",,,
000261625,11/21/2021,21,November,2021,53,Adults (35-64),M,United Kingdom,England,Bikes,Mountain Bikes,"Mountain-200 Silver, 46",2,$713.00,"$1,120.00",$814.00,"$1,426.00","$2,240.00",,,
000261626,11/21/2021,21,November,2021,25,Young Adults (25-34),F,France,Essonne,Bikes,Road Bikes,"Road-350-W Yellow, 44",1,$713.00,"$1,120.00",$407.00,$713.00,"$1,120.00",,,
000261627,11/22/2021,22,November,2021,45,Adults (35-64),M,United Kingdom,England,Bikes,Road Bikes,"Road-650 Black, 60",2,$713.00,"$1,120.00",$814.00,"$1,426.00","$2,240.00",,,
000261628,11/22/2021,22,November,2021,48,Adults (35-64),M,United States,California,Bikes,Mountain Bikes,"Mountain-200 Black, 46",2,$713.00,"$1,120.00",$814.00,"$1,426.00","$2,240.00",,,
000261629,11/22/2021,22,November,2021,18,Youth (<25),F,Australia,Queensland,Bikes,Road Bikes,"Road-150 Red, 62",1,$713.00,"$1,120.00",$407.00,$713.00,"$1,120.00",,,
000261630,11/22/2021,22,November,2021,32,Young Adults (25-34),F,United States,California,Bikes,Road Bikes,"Road-650 Red, 62",1,$713.00,"$1,120.00",$407.00,$713.00,"$1,120.00",,,
000261631,11/23/2021,23,November,2021,27,Young Adults (25-34),F,Australia,New South Wales,Bikes,Road Bikes,"Road-550-W Yellow, 48",4,$713.00,"$1,120.00","$1,628.00","$2,852.00","$4,480.00",,,
000261632,11/23/2021,23,November,2021,30,Young Adults (25-34),F,United States,California,Bikes,Road Bikes,"Road-650 Black, 58",4,$713.00,"$1,120.00","$1,628.00","$2,852.00","$4,480.00",,,
000261633,11/23/2021,23,November,2021,17,Youth (<25),M,Australia,New South Wales,Bikes,Road Bikes,"Road-650 Red, 48",1,$713.00,"$1,120.00",$407.00,$713.00,"$1,120.00",,,
000261634,11/23/2021,23,November,2021,24,Youth (<25),F,United States,Washington,Bikes,Mountain Bikes,"Mountain-200 Black, 46",1,$713.00,"$1,120.00",$407.00,$713.00,"$1,120.00",,,
000261635,11/23/2021,23,November,2021,29,Young Adults (25-34),F,United States,Washington,Bikes,Road Bikes,"Road-250 Red, 48",1,$713.00,"$1,120.00",$407.00,$713.00,"$1,120.00",,,
000261636,11/24/2021,24,November,2021,22,Youth (<25),M,Australia,Victoria,Bikes,Road Bikes,"Road-650 Black, 44",3,$713.00,"$1,120.00","$1,221.00","$2,139.00","$3,360.00",,,
000261637,11/24/2021,24,November,2021,34,Young Adults (25-34),F,France,Nord,Bikes,Road Bikes,"Road-150 Red, 62",3,$713.00,"$1,120.00","$1,221.00","$2,139.00","$3,360.00",,,
000261638,11/24/2021,24,November,2021,28,Young Adults (25-34),F,United States,Oregon,Bikes,Mountain Bikes,"Mountain-200 Silver, 38",2,$713.00,"$1,120.00",$814.00,"$1,426.00","$2,240.00",,,
000261639,11/24/2021,24,November,2021,37,Adults (35-64),F,United States,Washington,Bikes,Road Bikes,"Road-350-W Yellow, 44",2,$713.00,"$1,120.00",$814.00,"$1,426.00","$2,240.00",,,
000261640,11/24/2021,24,November,2021,23,Youth (<25),M,United States,California,Bikes,Mountain Bikes,"Mountain-200 Silver, 38",1,$713.00,"$1,120.00",$407.00,$713.00,"$1,120.00",,,
000261641,11/24/2021,24,November,2021,23,Youth (<25),M,Australia,New South Wales,Bikes,Road Bikes,"Road-250 Black, 58",1,$713.00,"$1,120.00",$407.00,$713.00,"$1,120.00",,,
000261642,11/24/2021,24,November,2021,33,Young Adults (25-34),F,United States,Oregon,Bikes,Road Bikes,"Road-550-W Yellow, 38",1,$713.00,"$1,120.00",$407.00,$713.00,"$1,120.00",,,
000261643,11/24/2021,24,November,2021,39,Adults (35-64),F,Australia,Victoria,Bikes,Road Bikes,"Road-150 Red, 56",1,$713.00,"$1,120.00",$407.00,$713.00,"$1,120.00",,,
000261644,11/24/2021,24,November,2021,46,Adults (35-64),F,United Kingdom,England,Bikes,Road Bikes,"Road-250 Black, 58",1,$713.00,"$1,120.00",$407.00,$713.00,"$1,120.00",,,
000261645,11/24/2021,24,November,2021,48,Adults (35-64),M,United States,California,Bikes,Mountain Bikes,"Mountain-200 Black, 46",1,$713.00,"$1,120.00",$407.00,$713.00,"$1,120.00",,,
000261646,11/25/2021,25,November,2021,27,Young Adults (25-34),M,Australia,Queensland,Bikes,Road Bikes,"Road-250 Black, 44",3,$713.00,"$1,120.00","$1,221.00","$2,139.00","$3,360.00",,,
000261647,11/25/2021,25,November,2021,28,Young Adults (25-34),F,United Kingdom,England,Bikes,Road Bikes,"Road-750 Black, 48",3,$713.00,"$1,120.00","$1,221.00","$2,139.00","$3,360.00",,,
000261648,11/25/2021,25,November,2021,29,Young Adults (25-34),F,United States,California,Bikes,Mountain Bikes,"Mountain-200 Silver, 42",3,$713.00,"$1,120.00","$1,221.00","$2,139.00","$3,360.00",,,
000261649,11/25/2021,25,November,2021,19,Youth (<25),F,Australia,New South Wales,Bikes,Road Bikes,"Road-150 Red, 48",2,$713.00,"$1,120.00",$814.00,"$1,426.00","$2,240.00",,,
000261650,11/25/2021,25,November,2021,22,Youth (<25),M,United States,California,Bikes,Road Bikes,"Road-250 Red, 44",1,$713.00,"$1,120.00",$407.00,$713.00,"$1,120.00",,,
000261651,11/25/2021,25,November,2021,29,Young Adults (25-34),F,France,Nord,Bikes,Road Bikes,"Road-650 Black, 58",1,$713.00,"$1,120.00",$407.00,$713.00,"$1,120.00",,,
000261652,11/25/2021,25,November,2021,42,Adults (35-64),M,United Kingdom,England,Bikes,Road Bikes,"Road-650 Red, 58",1,$713.00,"$1,120.00",$407.00,$713.00,"$1,120.00",,,
000261653,11/25/2021,25,November,2021,46,Adults (35-64),F,United States,Washington,Bikes,Mountain Bikes,"Mountain-200 Silver, 46",1,$713.00,"$1,120.00",$407.00,$713.00,"$1,120.00",,,
000261654,11/26/2021,26,November,2021,27,Young Adults (25-34),F,United Kingdom,England,Bikes,Road Bikes,"Road-350-W Yellow, 48",3,$713.00,"$1,120.00","$1,221.00","$2,139.00","$3,360.00",,,
000261655,11/26/2021,26,November,2021,29,Young Adults (25-34),M,Germany,Saarland,Bikes,Road Bikes,"Road-150 Red, 52",2,$713.00,"$1,120.00",$814.00,"$1,426.00","$2,240.00",,,
000261656,11/26/2021,26,November,2021,17,Youth (<25),F,Australia,New South Wales,Bikes,Road Bikes,"Road-650 Red, 58",1,$713.00,"$1,120.00",$407.00,$713.00,"$1,120.00",,,
000261657,11/26/2021,26,November,2021,36,Adults (35-64),M,Germany,Hessen,Bikes,Mountain Bikes,"Mountain-200 Black, 38",1,$713.00,"$1,120.00",$407.00,$713.00,"$1,120.00",,,
000261658,11/26/2021,26,November,2021,41,Adults (35-64),F,Germany,Nordrhein-Westfalen,Bikes,Mountain Bikes,"Mountain-200 Silver, 46",1,$713.00,"$1,120.00",$407.00,$713.00,"$1,120.00",,,
000261659,11/26/2021,26,November,2021,61,Adults (35-64),F,United States,California,Bikes,Road Bikes,"Road-150 Red, 52",1,$713.00,"$1,120.00",$407.00,$713.00,"$1,120.00",,,
000261660,11/27/2021,27,November,2021,28,Young Adults (25-34),F,United Kingdom,England,Bikes,Road Bikes,"Road-750 Black, 48",4,$713.00,"$1,120.00","$1,628.00","$2,852.00","$4,480.00",,,
000261661,11/27/2021,27,November,2021,26,Young Adults (25-34),M,France,Seine Saint Denis,Bikes,Road Bikes,"Road-350-W Yellow, 40",3,$713.00,"$1,120.00","$1,221.00","$2,139.00","$3,360.00",,,
000261662,11/27/2021,27,November,2021,27,Young Adults (25-34),M,Canada,British Columbia,Bikes,Road Bikes,"Road-650 Red, 44",3,$713.00,"$1,120.00","$1,221.00","$2,139.00","$3,360.00",,,
000261663,11/27/2021,27,November,2021,39,Adults (35-64),F,France,Nord,Bikes,Road Bikes,"Road-350-W Yellow, 40",3,$713.00,"$1,120.00","$1,221.00","$2,139.00","$3,360.00",,,
000261664,11/27/2021,27,November,2021,56,Adults (35-64),F,United States,Washington,Bikes,Road Bikes,"Road-750 Black, 52",3,$713.00,"$1,120.00","$1,221.00","$2,139.00","$3,360.00",,,
000261665,11/27/2021,27,November,2021,24,Youth (<25),F,Australia,Victoria,Bikes,Road Bikes,"Road-550-W Yellow, 40",2,$713.00,"$1,120.00",$814.00,"$1,426.00","$2,240.00",,,
000261666,11/27/2021,27,November,2021,27,Young Adults (25-34),M,Canada,British Columbia,Bikes,Road Bikes,"Road-650 Red, 44",2,$713.00,"$1,120.00",$814.00,"$1,426.00","$2,240.00",,,
000261667,11/27/2021,27,November,2021,29,Young Adults (25-34),M,France,Seine Saint Denis,Bikes,Road Bikes,"Road-250 Red, 58",2,$713.00,"$1,120.00",$814.00,"$1,426.00","$2,240.00",,,
000261668,11/27/2021,27,November,2021,49,Adults (35-64),F,Canada,British Columbia,Bikes,Road Bikes,"Road-250 Red, 48",2,$713.00,"$1,120.00",$814.00,"$1,426.00","$2,240.00",,,
000261669,11/27/2021,27,November,2021,24,Youth (<25),F,Australia,Queensland,Bikes,Road Bikes,"Road-550-W Yellow, 42",1,$713.00,"$1,120.00",$407.00,$713.00,"$1,120.00",,,
000261670,11/27/2021,27,November,2021,25,Young Adults (25-34),M,Australia,New South Wales,Bikes,Road Bikes,"Road-550-W Yellow, 44",1,$713.00,"$1,120.00",$407.00,$713.00,"$1,120.00",,,
000261671,11/27/2021,27,November,2021,27,Young Adults (25-34),M,Canada,British Columbia,Bikes,Road Bikes,"Road-650 Red, 44",1,$713.00,"$1,120.00",$407.00,$713.00,"$1,120.00",,,
000261672,11/27/2021,27,November,2021,29,Young Adults (25-34),F,United States,Washington,Bikes,Road Bikes,"Road-250 Red, 48",1,$713.00,"$1,120.00",$407.00,$713.00,"$1,120.00",,,
000261673,11/27/2021,27,November,2021,38,Adults (35-64),M,France,Seine (Paris),Bikes,Road Bikes,"Road-350-W Yellow, 42",1,$713.00,"$1,120.00",$407.00,$713.00,"$1,120.00",,,
000261674,11/28/2021,28,November,2021,20,Youth (<25),M,Australia,New South Wales,Bikes,Road Bikes,"Road-750 Black, 52",3,$713.00,"$1,120.00","$1,221.00","$2,139.00","$3,360.00",,,
000261675,11/28/2021,28,November,2021,40,Adults (35-64),F,Australia,Queensland,Bikes,Mountain Bikes,"Mountain-200 Black, 38",2,$713.00,"$1,120.00",$814.00,"$1,426.00","$2,240.00",,,
000261676,11/28/2021,28,November,2021,59,Adults (35-64),F,United Kingdom,England,Bikes,Road Bikes,"Road-250 Red, 48",2,$713.00,"$1,120.00",$814.00,"$1,426.00","$2,240.00",,,
000261677,11/28/2021,28,November,2021,27,Young Adults (25-34),F,Canada,British Columbia,Bikes,Road Bikes,"Road-550-W Yellow, 48",1,$713.00,"$1,120.00",$407.00,$713.00,"$1,120.00",,,
000261678,11/28/2021,28,November,2021,28,Young Adults (25-34),F,United Kingdom,England,Bikes,Road Bikes,"Road-750 Black, 48",1,$713.00,"$1,120.00",$407.00,$713.00,"$1,120.00",,,
000261679,11/28/2021,28,November,2021,31,Young Adults (25-34),M,United States,Washington,Bikes,Road Bikes,"Road-650 Black, 48",1,$713.00,"$1,120.00",$407.00,$713.00,"$1,120.00",,,
000261680,11/29/2021,29,November,2021,17,Youth (<25),F,Australia,Tasmania,Bikes,Road Bikes,"Road-750 Black, 48",4,$713.00,"$1,120.00","$1,628.00","$2,852.00","$4,480.00",,,
000261681,11/29/2021,29,November,2021,21,Youth (<25),M,Australia,South Australia,Bikes,Road Bikes,"Road-250 Black, 52",4,$713.00,"$1,120.00","$1,628.00","$2,852.00","$4,480.00",,,
000261682,11/29/2021,29,November,2021,24,Youth (<25),F,Australia,Tasmania,Bikes,Road Bikes,"Road-550-W Yellow, 48",3,$713.00,"$1,120.00","$1,221.00","$2,139.00","$3,360.00",,,
000261683,11/29/2021,29,November,2021,17,Youth (<25),M,France,Nord,Bikes,Mountain Bikes,"Mountain-200 Silver, 46",1,$713.00,"$1,120.00",$407.00,$713.00,"$1,120.00",,,
000261684,11/29/2021,29,November,2021,29,Young Adults (25-34),M,France,Seine (Paris),Bikes,Road Bikes,"Road-650 Black, 60",1,$713.00,"$1,120.00",$407.00,$713.00,"$1,120.00",,,
000261685,11/29/2021,29,November,2021,44,Adults (35-64),M,United Kingdom,England,Bikes,Road Bikes,"Road-550-W Yellow, 48",1,$713.00,"$1,120.00",$407.00,$713.00,"$1,120.00",,,
000261686,11/30/2021,30,November,2021,29,Young Adults (25-34),F,United States,California,Bikes,Mountain Bikes,"Mountain-200 Silver, 42",4,$713.00,"$1,120.00","$1,628.00","$2,852.00","$4,480.00",,,
000261687,11/30/2021,30,November,2021,60,Adults (35-64),F,United States,California,Bikes,Road Bikes,"Road-550-W Yellow, 44",4,$713.00,"$1,120.00","$1,628.00","$2,852.00","$4,480.00",,,
000261688,11/30/2021,30,November,2021,17,Youth (<25),M,Australia,New South Wales,Bikes,Road Bikes,"Road-650 Red, 48",3,$713.00,"$1,120.00","$1,221.00","$2,139.00","$3,360.00",,,
000261689,11/30/2021,30,November,2021,18,Youth (<25),M,Germany,Bayern,Bikes,Road Bikes,"Road-250 Red, 58",2,$713.00,"$1,120.00",$814.00,"$1,426.00","$2,240.00",,,
000261690,11/30/2021,30,November,2021,30,Young Adults (25-34),M,United States,Washington,Bikes,Road Bikes,"Road-650 Red, 58",2,$713.00,"$1,120.00",$814.00,"$1,426.00","$2,240.00",,,
000261691,11/30/2021,30,November,2021,36,Adults (35-64),F,United States,California,Bikes,Road Bikes,"Road-650 Red, 62",1,$713.00,"$1,120.00",$407.00,$713.00,"$1,120.00",,,
000261692,11/30/2021,30,November,2021,41,Adults (35-64),M,United States,Washington,Bikes,Road Bikes,"Road-150 Red, 48",1,$713.00,"$1,120.00",$407.00,$713.00,"$1,120.00",,,
000261693,11/30/2021,30,November,2021,46,Adults (35-64),M,United Kingdom,England,Bikes,Mountain Bikes,"Mountain-200 Silver, 46",1,$713.00,"$1,120.00",$407.00,$713.00,"$1,120.00",,,
000261694,11/30/2021,30,November,2021,57,Adults (35-64),M,United States,California,Bikes,Road Bikes,"Road-250 Red, 58",1,$713.00,"$1,120.00",$407.00,$713.00,"$1,120.00",,,
000261695,12/1/2021,1,December,2021,39,Adults (35-64),F,United States,California,Bikes,Mountain Bikes,"Mountain-200 Black, 46",4,$713.00,"$1,120.00","$1,628.00","$2,852.00","$4,480.00",,,
000261696,12/1/2021,1,December,2021,42,Adults (35-64),M,United States,Washington,Bikes,Road Bikes,"Road-750 Black, 44",3,$713.00,"$1,120.00","$1,221.00","$2,139.00","$3,360.00",,,
000261697,12/1/2021,1,December,2021,36,Adults (35-64),F,Germany,Brandenburg,Bikes,Road Bikes,"Road-550-W Yellow, 42",2,$713.00,"$1,120.00",$814.00,"$1,426.00","$2,240.00",,,
000261698,12/1/2021,1,December,2021,20,Youth (<25),M,Germany,Hamburg,Bikes,Road Bikes,"Road-250 Red, 58",1,$713.00,"$1,120.00",$407.00,$713.00,"$1,120.00",,,
000261699,12/1/2021,1,December,2021,23,Youth (<25),M,United Kingdom,England,Bikes,Road Bikes,"Road-150 Red, 52",1,$713.00,"$1,120.00",$407.00,$713.00,"$1,120.00",,,
000261700,12/1/2021,1,December,2021,23,Youth (<25),F,United States,California,Bikes,Road Bikes,"Road-550-W Yellow, 42",1,$713.00,"$1,120.00",$407.00,$713.00,"$1,120.00",,,
000261701,12/1/2021,1,December,2021,28,Young Adults (25-34),F,Australia,New South Wales,Bikes,Road Bikes,"Road-250 Black, 52",1,$713.00,"$1,120.00",$407.00,$713.00,"$1,120.00",,,
000261702,12/1/2021,1,December,2021,28,Young Adults (25-34),F,United States,California,Bikes,Road Bikes,"Road-750 Black, 44",1,$713.00,"$1,120.00",$407.00,$713.00,"$1,120.00",,,
000261703,12/1/2021,1,December,2021,31,Young Adults (25-34),F,Australia,South Australia,Bikes,Road Bikes,"Road-250 Black, 48",1,$713.00,"$1,120.00",$407.00,$713.00,"$1,120.00",,,
000261704,12/1/2021,1,December,2021,34,Young Adults (25-34),M,Australia,New South Wales,Bikes,Road Bikes,"Road-350-W Yellow, 48",1,$713.00,"$1,120.00",$407.00,$713.00,"$1,120.00",,,
000261705,12/1/2021,1,December,2021,44,Adults (35-64),M,United Kingdom,England,Bikes,Mountain Bikes,"Mountain-200 Silver, 42",1,$713.00,"$1,120.00",$407.00,$713.00,"$1,120.00",,,
000261706,12/2/2021,2,December,2021,39,Adults (35-64),F,United Kingdom,England,Bikes,Road Bikes,"Road-750 Black, 48",4,$713.00,"$1,120.00","$1,628.00","$2,852.00","$4,480.00",,,
000261707,12/2/2021,2,December,2021,44,Adults (35-64),M,United States,Washington,Bikes,Road Bikes,"Road-250 Red, 52",4,$713.00,"$1,120.00","$1,628.00","$2,852.00","$4,480.00",,,
000261708,12/2/2021,2,December,2021,41,Adults (35-64),M,Australia,New South Wales,Bikes,Road Bikes,"Road-750 Black, 48",3,$713.00,"$1,120.00","$1,221.00","$2,139.00","$3,360.00",,,
000261709,12/2/2021,2,December,2021,29,Young Adults (25-34),F,France,Seine (Paris),Bikes,Road Bikes,"Road-550-W Yellow, 42",2,$713.00,"$1,120.00",$814.00,"$1,426.00","$2,240.00",,,
000261710,12/2/2021,2,December,2021,35,Adults (35-64),M,Australia,New South Wales,Bikes,Road Bikes,"Road-350-W Yellow, 42",2,$713.00,"$1,120.00",$814.00,"$1,426.00","$2,240.00",,,
000261711,12/2/2021,2,December,2021,37,Adults (35-64),M,United States,California,Bikes,Mountain Bikes,"Mountain-400-W Silver, 46",2,$713.00,"$1,120.00",$814.00,"$1,426.00","$2,240.00",,,
000261712,12/2/2021,2,December,2021,28,Young Adults (25-34),F,United States,Washington,Bikes,Road Bikes,"Road-550-W Yellow, 44",1,$713.00,"$1,120.00",$407.00,$713.00,"$1,120.00",,,
000261713,12/2/2021,2,December,2021,31,Young Adults (25-34),F,Australia,New South Wales,Bikes,Mountain Bikes,"Mountain-400-W Silver, 42",1,$713.00,"$1,120.00",$407.00,$713.00,"$1,120.00",,,
000261714,12/2/2021,2,December,2021,31,Young Adults (25-34),F,United States,California,Bikes,Road Bikes,"Road-650 Black, 62",1,$713.00,"$1,120.00",$407.00,$713.00,"$1,120.00",,,
000261715,12/3/2021,3,December,2021,31,Young Adults (25-34),F,United States,California,Bikes,Road Bikes,"Road-650 Black, 62",4,$713.00,"$1,120.00","$1,628.00","$2,852.00","$4,480.00",,,
000261716,12/3/2021,3,December,2021,41,Adults (35-64),F,United States,Washington,Bikes,Road Bikes,"Road-250 Black, 52",4,$713.00,"$1,120.00","$1,628.00","$2,852.00","$4,480.00",,,
000261717,12/3/2021,3,December,2021,47,Adults (35-64),M,Australia,New South Wales,Bikes,Road Bikes,"Road-750 Black, 58",4,$713.00,"$1,120.00","$1,628.00","$2,852.00","$4,480.00",,,
000261718,12/3/2021,3,December,2021,59,Adults (35-64),F,United Kingdom,England,Bikes,Road Bikes,"Road-250 Red, 48",4,$713.00,"$1,120.00","$1,628.00","$2,852.00","$4,480.00",,,
000261719,12/3/2021,3,December,2021,28,Young Adults (25-34),M,France,Essonne,Bikes,Road Bikes,"Road-350-W Yellow, 44",3,$713.00,"$1,120.00","$1,221.00","$2,139.00","$3,360.00",,,
000261720,12/3/2021,3,December,2021,34,Young Adults (25-34),F,France,Seine (Paris),Bikes,Road Bikes,"Road-150 Red, 62",3,$713.00,"$1,120.00","$1,221.00","$2,139.00","$3,360.00",,,
000261721,12/3/2021,3,December,2021,24,Youth (<25),M,Germany,Hamburg,Bikes,Road Bikes,"Road-250 Black, 44",2,$713.00,"$1,120.00",$814.00,"$1,426.00","$2,240.00",,,
000261722,12/3/2021,3,December,2021,34,Young Adults (25-34),F,Australia,Tasmania,Bikes,Road Bikes,"Road-550-W Yellow, 40",2,$713.00,"$1,120.00",$814.00,"$1,426.00","$2,240.00",,,
000261723,12/3/2021,3,December,2021,37,Adults (35-64),F,United States,California,Bikes,Mountain Bikes,"Mountain-200 Black, 46",2,$713.00,"$1,120.00",$814.00,"$1,426.00","$2,240.00",,,
000261724,12/3/2021,3,December,2021,24,Youth (<25),F,United Kingdom,England,Bikes,Mountain Bikes,"Mountain-200 Black, 38",1,$713.00,"$1,120.00",$407.00,$713.00,"$1,120.00",,,
000261725,12/3/2021,3,December,2021,28,Young Adults (25-34),F,Australia,New South Wales,Bikes,Road Bikes,"Road-250 Black, 52",1,$713.00,"$1,120.00",$407.00,$713.00,"$1,120.00",,,
000261726,12/3/2021,3,December,2021,28,Young Adults (25-34),M,France,Seine (Paris),Bikes,Road Bikes,"Road-550-W Yellow, 44",1,$713.00,"$1,120.00",$407.00,$713.00,"$1,120.00",,,
000261727,12/3/2021,3,December,2021,34,Young Adults (25-34),F,United Kingdom,England,Bikes,Road Bikes,"Road-350-W Yellow, 42",1,$713.00,"$1,120.00",$407.00,$713.00,"$1,120.00",,,
000261728,12/3/2021,3,December,2021,37,Adults (35-64),M,United States,Washington,Bikes,Mountain Bikes,"Mountain-200 Black, 46",1,$713.00,"$1,120.00",$407.00,$713.00,"$1,120.00",,,
000261729,12/3/2021,3,December,2021,45,Adults (35-64),F,Australia,New South Wales,Bikes,Road Bikes,"Road-550-W Yellow, 40",1,$713.00,"$1,120.00",$407.00,$713.00,"$1,120.00",,,
000261730,12/3/2021,3,December,2021,54,Adults (35-64),M,United States,California,Bikes,Road Bikes,"Road-550-W Yellow, 44",1,$713.00,"$1,120.00",$407.00,$713.00,"$1,120.00",,,
000261731,12/4/2021,4,December,2021,31,Young Adults (25-34),F,Australia,New South Wales,Bikes,Mountain Bikes,"Mountain-400-W Silver, 42",4,$713.00,"$1,120.00","$1,628.00","$2,852.00","$4,480.00",,,
000261732,12/4/2021,4,December,2021,22,Youth (<25),F,United States,Oregon,Bikes,Road Bikes,"Road-250 Black, 44",1,$713.00,"$1,120.00",$407.00,$713.00,"$1,120.00",,,
000261733,12/4/2021,4,December,2021,27,Young Adults (25-34),M,United States,California,Bikes,Road Bikes,"Road-550-W Yellow, 42",1,$713.00,"$1,120.00",$407.00,$713.00,"$1,120.00",,,
000261734,12/5/2021,5,December,2021,39,Adults (35-64),F,United States,California,Bikes,Mountain Bikes,"Mountain-200 Black, 46",4,$713.00,"$1,120.00","$1,628.00","$2,852.00","$4,480.00",,,
000261735,12/5/2021,5,December,2021,42,Adults (35-64),M,Germany,Nordrhein-Westfalen,Bikes,Mountain Bikes,"Mountain-200 Black, 38",4,$713.00,"$1,120.00","$1,628.00","$2,852.00","$4,480.00",,,
000261736,12/5/2021,5,December,2021,60,Adults (35-64),M,United States,California,Bikes,Road Bikes,"Road-150 Red, 48",4,$713.00,"$1,120.00","$1,628.00","$2,852.00","$4,480.00",,,
000261737,12/5/2021,5,December,2021,27,Young Adults (25-34),M,France,Yveline,Bikes,Road Bikes,"Road-150 Red, 44",3,$713.00,"$1,120.00","$1,221.00","$2,139.00","$3,360.00",,,
000261738,12/5/2021,5,December,2021,29,Young Adults (25-34),M,Australia,New South Wales,Bikes,Road Bikes,"Road-750 Black, 44",2,$713.00,"$1,120.00",$814.00,"$1,426.00","$2,240.00",,,
000261739,12/5/2021,5,December,2021,48,Adults (35-64),M,Canada,British Columbia,Bikes,Road Bikes,"Road-750 Black, 48",2,$713.00,"$1,120.00",$814.00,"$1,426.00","$2,240.00",,,
000261740,12/5/2021,5,December,2021,28,Young Adults (25-34),F,United States,California,Bikes,Road Bikes,"Road-750 Black, 44",1,$713.00,"$1,120.00",$407.00,$713.00,"$1,120.00",,,
000261741,12/5/2021,5,December,2021,28,Young Adults (25-34),F,Canada,British Columbia,Bikes,Road Bikes,"Road-250 Red, 48",1,$713.00,"$1,120.00",$407.00,$713.00,"$1,120.00",,,
000261742,12/5/2021,5,December,2021,29,Young Adults (25-34),M,France,Hauts de Seine,Bikes,Road Bikes,"Road-150 Red, 62",1,$713.00,"$1,120.00",$407.00,$713.00,"$1,120.00",,,
000261743,12/5/2021,5,December,2021,35,Adults (35-64),F,Australia,Queensland,Bikes,Mountain Bikes,"Mountain-200 Silver, 38",1,$713.00,"$1,120.00",$407.00,$713.00,"$1,120.00",,,
000261744,12/5/2021,5,December,2021,37,Adults (35-64),F,United States,California,Bikes,Mountain Bikes,"Mountain-200 Black, 46",1,$713.00,"$1,120.00",$407.00,$713.00,"$1,120.00",,,
000261745,12/5/2021,5,December,2021,41,Adults (35-64),M,United States,Washington,Bikes,Road Bikes,"Road-150 Red, 48",1,$713.00,"$1,120.00",$407.00,$713.00,"$1,120.00",,,
000261746,12/5/2021,5,December,2021,57,Adults (35-64),M,Australia,New South Wales,Bikes,Road Bikes,"Road-150 Red, 52",1,$713.00,"$1,120.00",$407.00,$713.00,"$1,120.00",,,
000261747,12/6/2021,6,December,2021,23,Youth (<25),M,United Kingdom,England,Bikes,Mountain Bikes,"Mountain-400-W Silver, 46",3,$713.00,"$1,120.00","$1,221.00","$2,139.00","$3,360.00",,,
000261748,12/6/2021,6,December,2021,23,Youth (<25),M,France,Seine Saint Denis,Bikes,Road Bikes,"Road-150 Red, 56",2,$713.00,"$1,120.00",$814.00,"$1,426.00","$2,240.00",,,
000261749,12/6/2021,6,December,2021,26,Young Adults (25-34),F,France,Nord,Bikes,Road Bikes,"Road-350-W Yellow, 40",1,$713.00,"$1,120.00",$407.00,$713.00,"$1,120.00",,,
000261750,12/6/2021,6,December,2021,27,Young Adults (25-34),M,Canada,British Columbia,Bikes,Mountain Bikes,"Mountain-200 Black, 46",1,$713.00,"$1,120.00",$407.00,$713.00,"$1,120.00",,,
000261751,12/6/2021,6,December,2021,36,Adults (35-64),M,Australia,New South Wales,Bikes,Mountain Bikes,"Mountain-200 Black, 42",1,$713.00,"$1,120.00",$407.00,$713.00,"$1,120.00",,,
000261752,12/6/2021,6,December,2021,47,Adults (35-64),M,United Kingdom,England,Bikes,Mountain Bikes,"Mountain-200 Silver, 38",1,$713.00,"$1,120.00",$407.00,$713.00,"$1,120.00",,,
000261753,12/7/2021,7,December,2021,26,Young Adults (25-34),M,Australia,Queensland,Bikes,Road Bikes,"Road-550-W Yellow, 42",4,$713.00,"$1,120.00","$1,628.00","$2,852.00","$4,480.00",,,
000261754,12/7/2021,7,December,2021,30,Young Adults (25-34),M,United States,California,Bikes,Mountain Bikes,"Mountain-400-W Silver, 38",4,$713.00,"$1,120.00","$1,628.00","$2,852.00","$4,480.00",,,
000261755,12/7/2021,7,December,2021,36,Adults (35-64),F,Germany,Nordrhein-Westfalen,Bikes,Road Bikes,"Road-150 Red, 62",4,$713.00,"$1,120.00","$1,628.00","$2,852.00","$4,480.00",,,
000261756,12/7/2021,7,December,2021,37,Adults (35-64),F,Australia,South Australia,Bikes,Road Bikes,"Road-350-W Yellow, 40",4,$713.00,"$1,120.00","$1,628.00","$2,852.00","$4,480.00",,,
000261757,12/7/2021,7,December,2021,45,Adults (35-64),M,Germany,Hamburg,Bikes,Road Bikes,"Road-750 Black, 48",4,$713.00,"$1,120.00","$1,628.00","$2,852.00","$4,480.00",,,
000261758,12/7/2021,7,December,2021,25,Young Adults (25-34),M,United Kingdom,England,Bikes,Road Bikes,"Road-250 Red, 58",3,$713.00,"$1,120.00","$1,221.00","$2,139.00","$3,360.00",,,
000261759,12/7/2021,7,December,2021,38,Adults (35-64),M,United States,California,Bikes,Mountain Bikes,"Mountain-200 Silver, 42",2,$713.00,"$1,120.00",$814.00,"$1,426.00","$2,240.00",,,
000261760,12/7/2021,7,December,2021,43,Adults (35-64),F,United States,California,Bikes,Road Bikes,"Road-150 Red, 44",2,$713.00,"$1,120.00",$814.00,"$1,426.00","$2,240.00",,,
000261761,12/7/2021,7,December,2021,19,Youth (<25),M,United States,California,Bikes,Road Bikes,"Road-550-W Yellow, 42",1,$713.00,"$1,120.00",$407.00,$713.00,"$1,120.00",,,
000261762,12/7/2021,7,December,2021,25,Young Adults (25-34),F,United Kingdom,England,Bikes,Road Bikes,"Road-650 Black, 60",1,$713.00,"$1,120.00",$407.00,$713.00,"$1,120.00",,,
000261763,12/7/2021,7,December,2021,29,Young Adults (25-34),M,Australia,Queensland,Bikes,Road Bikes,"Road-250 Black, 52",1,$713.00,"$1,120.00",$407.00,$713.00,"$1,120.00",,,
000261764,12/7/2021,7,December,2021,33,Young Adults (25-34),M,France,Somme,Bikes,Road Bikes,"Road-250 Black, 48",1,$713.00,"$1,120.00",$407.00,$713.00,"$1,120.00",,,
000261765,12/7/2021,7,December,2021,36,Adults (35-64),F,Australia,New South Wales,Bikes,Road Bikes,"Road-350-W Yellow, 40",1,$713.00,"$1,120.00",$407.00,$713.00,"$1,120.00",,,
000261766,12/7/2021,7,December,2021,41,Adults (35-64),F,United States,California,Bikes,Road Bikes,"Road-750 Black, 52",1,$713.00,"$1,120.00",$407.00,$713.00,"$1,120.00",,,
000261767,12/7/2021,7,December,2021,43,Adults (35-64),M,Australia,Queensland,Bikes,Road Bikes,"Road-150 Red, 52",1,$713.00,"$1,120.00",$407.00,$713.00,"$1,120.00",,,
000261768,12/7/2021,7,December,2021,45,Adults (35-64),M,United States,Washington,Bikes,Road Bikes,"Road-150 Red, 56",1,$713.00,"$1,120.00",$407.00,$713.00,"$1,120.00",,,
000261769,12/7/2021,7,December,2021,49,Adults (35-64),M,United Kingdom,England,Bikes,Road Bikes,"Road-250 Red, 52",1,$713.00,"$1,120.00",$407.00,$713.00,"$1,120.00",,,
000261770,12/8/2021,8,December,2021,19,Youth (<25),F,Australia,New South Wales,Bikes,Mountain Bikes,"Mountain-500 Silver, 42",4,$713.00,"$1,120.00","$1,628.00","$2,852.00","$4,480.00",,,
000261771,12/8/2021,8,December,2021,25,Young Adults (25-34),F,Australia,Victoria,Bikes,Road Bikes,"Road-350-W Yellow, 48",4,$713.00,"$1,120.00","$1,628.00","$2,852.00","$4,480.00",,,
000261772,12/8/2021,8,December,2021,27,Young Adults (25-34),M,Australia,South Australia,Bikes,Road Bikes,"Road-550-W Yellow, 38",4,$713.00,"$1,120.00","$1,628.00","$2,852.00","$4,480.00",,,
000261773,12/8/2021,8,December,2021,30,Young Adults (25-34),F,Canada,British Columbia,Bikes,Mountain Bikes,"Mountain-200 Silver, 38",4,$713.00,"$1,120.00","$1,628.00","$2,852.00","$4,480.00",,,
000261774,12/8/2021,8,December,2021,36,Adults (35-64),F,Australia,New South Wales,Bikes,Road Bikes,"Road-350-W Yellow, 40",4,$713.00,"$1,120.00","$1,628.00","$2,852.00","$4,480.00",,,
000261775,12/8/2021,8,December,2021,40,Adults (35-64),M,Australia,New South Wales,Bikes,Road Bikes,"Road-250 Red, 58",4,$713.00,"$1,120.00","$1,628.00","$2,852.00","$4,480.00",,,
000261776,12/8/2021,8,December,2021,39,Adults (35-64),F,United States,Oregon,Bikes,Mountain Bikes,"Mountain-200 Black, 42",2,$713.00,"$1,120.00",$814.00,"$1,426.00","$2,240.00",,,
000261777,12/8/2021,8,December,2021,30,Young Adults (25-34),F,Australia,Queensland,Bikes,Road Bikes,"Road-350-W Yellow, 48",1,$713.00,"$1,120.00",$407.00,$713.00,"$1,120.00",,,
000261778,12/8/2021,8,December,2021,35,Adults (35-64),F,United States,California,Bikes,Mountain Bikes,"Mountain-500 Black, 42",1,$713.00,"$1,120.00",$407.00,$713.00,"$1,120.00",,,
000261779,12/8/2021,8,December,2021,45,Adults (35-64),M,United Kingdom,England,Bikes,Road Bikes,"Road-650 Black, 60",1,$713.00,"$1,120.00",$407.00,$713.00,"$1,120.00",,,
000261780,12/8/2021,8,December,2021,47,Adults (35-64),F,Canada,British Columbia,Bikes,Road Bikes,"Road-750 Black, 44",1,$713.00,"$1,120.00",$407.00,$713.00,"$1,120.00",,,
000261781,12/9/2021,9,December,2021,33,Young Adults (25-34),F,Australia,Victoria,Bikes,Mountain Bikes,"Mountain-100 Black, 38",2,$713.00,"$1,120.00",$814.00,"$1,426.00","$2,240.00",,,
000261782,12/9/2021,9,December,2021,34,Young Adults (25-34),M,Australia,Queensland,Bikes,Road Bikes,"Road-250 Black, 58",2,$713.00,"$1,120.00",$814.00,"$1,426.00","$2,240.00",,,
000261783,12/9/2021,9,December,2021,75,Seniors (64+),M,United Kingdom,England,Bikes,Road Bikes,"Road-250 Black, 48",2,$713.00,"$1,120.00",$814.00,"$1,426.00","$2,240.00",,,
000261784,12/9/2021,9,December,2021,26,Young Adults (25-34),F,Australia,New South Wales,Bikes,Road Bikes,"Road-250 Red, 58",1,$713.00,"$1,120.00",$407.00,$713.00,"$1,120.00",,,
000261785,12/9/2021,9,December,2021,41,Adults (35-64),F,Germany,Hamburg,Bikes,Mountain Bikes,"Mountain-200 Silver, 42",1,$713.00,"$1,120.00",$407.00,$713.00,"$1,120.00",,,
000261786,12/9/2021,9,December,2021,42,Adults (35-64),F,Australia,New South Wales,Bikes,Road Bikes,"Road-150 Red, 62",1,$713.00,"$1,120.00",$407.00,$713.00,"$1,120.00",,,
000261787,12/9/2021,9,December,2021,42,Adults (35-64),F,Germany,Hessen,Bikes,Road Bikes,"Road-650 Red, 62",1,$713.00,"$1,120.00",$407.00,$713.00,"$1,120.00",,,
000261788,12/10/2021,10,December,2021,43,Adults (35-64),F,Australia,Victoria,Bikes,Road Bikes,"Road-350-W Yellow, 44",4,$713.00,"$1,120.00","$1,628.00","$2,852.00","$4,480.00",,,
000261789,12/10/2021,10,December,2021,34,Young Adults (25-34),M,United Kingdom,England,Bikes,Road Bikes,"Road-550-W Yellow, 44",3,$713.00,"$1,120.00","$1,221.00","$2,139.00","$3,360.00",,,
000261790,12/10/2021,10,December,2021,27,Young Adults (25-34),F,Australia,Victoria,Bikes,Road Bikes,"Road-250 Black, 44",2,$713.00,"$1,120.00",$814.00,"$1,426.00","$2,240.00",,,
000261791,12/10/2021,10,December,2021,34,Young Adults (25-34),F,United States,California,Bikes,Mountain Bikes,"Mountain-200 Black, 42",2,$713.00,"$1,120.00",$814.00,"$1,426.00","$2,240.00",,,
000261792,12/10/2021,10,December,2021,40,Adults (35-64),M,Australia,New South Wales,Bikes,Mountain Bikes,"Mountain-200 Black, 42",2,$713.00,"$1,120.00",$814.00,"$1,426.00","$2,240.00",,,
000261793,12/10/2021,10,December,2021,23,Youth (<25),F,United States,Washington,Bikes,Road Bikes,"Road-150 Red, 48",1,$713.00,"$1,120.00",$407.00,$713.00,"$1,120.00",,,
000261794,12/10/2021,10,December,2021,26,Young Adults (25-34),M,United Kingdom,England,Bikes,Mountain Bikes,"Mountain-200 Black, 38",1,$713.00,"$1,120.00",$407.00,$713.00,"$1,120.00",,,
000261795,12/10/2021,10,December,2021,34,Young Adults (25-34),M,United States,California,Bikes,Mountain Bikes,"Mountain-500 Black, 40",1,$713.00,"$1,120.00",$407.00,$713.00,"$1,120.00",,,
000261796,12/10/2021,10,December,2021,34,Young Adults (25-34),F,United States,Washington,Bikes,Mountain Bikes,"Mountain-100 Silver, 44",1,$713.00,"$1,120.00",$407.00,$713.00,"$1,120.00",,,
000261797,12/10/2021,10,December,2021,38,Adults (35-64),M,Australia,New South Wales,Bikes,Mountain Bikes,"Mountain-200 Black, 38",1,$713.00,"$1,120.00",$407.00,$713.00,"$1,120.00",,,
000261798,12/11/2021,11,December,2021,24,Youth (<25),M,France,Seine Saint Denis,Bikes,Road Bikes,"Road-250 Black, 52",4,$713.00,"$1,120.00","$1,628.00","$2,852.00","$4,480.00",,,
000261799,12/11/2021,11,December,2021,56,Adults (35-64),M,United States,California,Bikes,Road Bikes,"Road-250 Red, 58",4,$713.00,"$1,120.00","$1,628.00","$2,852.00","$4,480.00",,,
000261800,12/11/2021,11,December,2021,24,Youth (<25),F,France,Seine (Paris),Bikes,Mountain Bikes,"Mountain-200 Black, 38",3,$713.00,"$1,120.00","$1,221.00","$2,139.00","$3,360.00",,,
000261801,12/11/2021,11,December,2021,27,Young Adults (25-34),F,France,Seine Saint Denis,Bikes,Road Bikes,"Road-250 Red, 58",3,$713.00,"$1,120.00","$1,221.00","$2,139.00","$3,360.00",,,
000261802,12/11/2021,11,December,2021,41,Adults (35-64),M,United States,California,Bikes,Road Bikes,"Road-750 Black, 48",3,$713.00,"$1,120.00","$1,221.00","$2,139.00","$3,360.00",,,
000261803,12/11/2021,11,December,2021,36,Adults (35-64),F,Australia,Queensland,Bikes,Road Bikes,"Road-350-W Yellow, 44",2,$713.00,"$1,120.00",$814.00,"$1,426.00","$2,240.00",,,
000261804,12/11/2021,11,December,2021,41,Adults (35-64),F,Australia,New South Wales,Bikes,Mountain Bikes,"Mountain-400-W Silver, 38",2,$713.00,"$1,120.00",$814.00,"$1,426.00","$2,240.00",,,
000261805,12/11/2021,11,December,2021,18,Youth (<25),F,United States,California,Bikes,Road Bikes,"Road-650 Black, 62",1,$713.00,"$1,120.00",$407.00,$713.00,"$1,120.00",,,
000261806,12/11/2021,11,December,2021,27,Young Adults (25-34),M,Canada,British Columbia,Bikes,Mountain Bikes,"Mountain-200 Black, 46",1,$713.00,"$1,120.00",$407.00,$713.00,"$1,120.00",,,
000261807,12/11/2021,11,December,2021,27,Young Adults (25-34),F,France,Nord,Bikes,Road Bikes,"Road-250 Black, 52",1,$713.00,"$1,120.00",$407.00,$713.00,"$1,120.00",,,
000261808,12/11/2021,11,December,2021,29,Young Adults (25-34),F,United Kingdom,England,Bikes,Road Bikes,"Road-550-W Yellow, 38",1,$713.00,"$1,120.00",$407.00,$713.00,"$1,120.00",,,
000261809,12/11/2021,11,December,2021,37,Adults (35-64),M,United States,California,Bikes,Mountain Bikes,"Mountain-400-W Silver, 46",1,$713.00,"$1,120.00",$407.00,$713.00,"$1,120.00",,,
000261810,12/11/2021,11,December,2021,38,Adults (35-64),F,United States,California,Bikes,Mountain Bikes,"Mountain-200 Silver, 38",1,$713.00,"$1,120.00",$407.00,$713.00,"$1,120.00",,,
000261811,12/11/2021,11,December,2021,54,Adults (35-64),M,United States,Washington,Bikes,Road Bikes,"Road-550-W Yellow, 40",1,$713.00,"$1,120.00",$407.00,$713.00,"$1,120.00",,,
000261812,12/12/2021,12,December,2021,27,Young Adults (25-34),M,Australia,Victoria,Bikes,Road Bikes,"Road-750 Black, 58",4,$713.00,"$1,120.00","$1,628.00","$2,852.00","$4,480.00",,,
000261813,12/12/2021,12,December,2021,36,Adults (35-64),F,Australia,New South Wales,Bikes,Mountain Bikes,"Mountain-200 Silver, 42",4,$713.00,"$1,120.00","$1,628.00","$2,852.00","$4,480.00",,,
000261814,12/12/2021,12,December,2021,37,Adults (35-64),M,United States,California,Bikes,Mountain Bikes,"Mountain-400-W Silver, 46",4,$713.00,"$1,120.00","$1,628.00","$2,852.00","$4,480.00",,,
000261815,12/12/2021,12,December,2021,47,Adults (35-64),M,Germany,Nordrhein-Westfalen,Bikes,Road Bikes,"Road-650 Black, 44",4,$713.00,"$1,120.00","$1,628.00","$2,852.00","$4,480.00",,,
000261816,12/12/2021,12,December,2021,18,Youth (<25),M,Germany,Hessen,Bikes,Road Bikes,"Road-250 Black, 52",3,$713.00,"$1,120.00","$1,221.00","$2,139.00","$3,360.00",,,
000261817,12/12/2021,12,December,2021,28,Young Adults (25-34),M,France,Nord,Bikes,Road Bikes,"Road-150 Red, 44",3,$713.00,"$1,120.00","$1,221.00","$2,139.00","$3,360.00",,,
000261818,12/12/2021,12,December,2021,33,Young Adults (25-34),F,United Kingdom,England,Bikes,Road Bikes,"Road-350-W Yellow, 48",3,$713.00,"$1,120.00","$1,221.00","$2,139.00","$3,360.00",,,
000261819,12/12/2021,12,December,2021,43,Adults (35-64),M,United States,California,Bikes,Road Bikes,"Road-150 Red, 48",3,$713.00,"$1,120.00","$1,221.00","$2,139.00","$3,360.00",,,
000261820,12/12/2021,12,December,2021,52,Adults (35-64),F,United Kingdom,England,Bikes,Road Bikes,"Road-250 Black, 58",3,$713.00,"$1,120.00","$1,221.00","$2,139.00","$3,360.00",,,
000261821,12/12/2021,12,December,2021,23,Youth (<25),M,United States,Washington,Bikes,Road Bikes,"Road-750 Black, 52",2,$713.00,"$1,120.00",$814.00,"$1,426.00","$2,240.00",,,
000261822,12/12/2021,12,December,2021,34,Young Adults (25-34),M,Australia,New South Wales,Bikes,Mountain Bikes,"Mountain-200 Black, 38",2,$713.00,"$1,120.00",$814.00,"$1,426.00","$2,240.00",,,
000261823,12/12/2021,12,December,2021,33,Young Adults (25-34),M,Germany,Saarland,Bikes,Road Bikes,"Road-250 Red, 44",1,$713.00,"$1,120.00",$407.00,$713.00,"$1,120.00",,,
000261824,12/12/2021,12,December,2021,34,Young Adults (25-34),M,Germany,Saarland,Bikes,Road Bikes,"Road-650 Red, 48",1,$713.00,"$1,120.00",$407.00,$713.00,"$1,120.00",,,
000261825,12/12/2021,12,December,2021,35,Adults (35-64),F,Australia,Victoria,Bikes,Mountain Bikes,"Mountain-200 Silver, 42",1,$713.00,"$1,120.00",$407.00,$713.00,"$1,120.00",,,
000261826,12/12/2021,12,December,2021,37,Adults (35-64),M,France,Seine (Paris),Bikes,Road Bikes,"Road-150 Red, 44",1,$713.00,"$1,120.00",$407.00,$713.00,"$1,120.00",,,
000261827,12/12/2021,12,December,2021,38,Adults (35-64),F,United States,Washington,Bikes,Mountain Bikes,"Mountain-200 Silver, 42",1,$713.00,"$1,120.00",$407.00,$713.00,"$1,120.00",,,
000261828,12/12/2021,12,December,2021,46,Adults (35-64),F,Australia,New South Wales,Bikes,Road Bikes,"Road-750 Black, 48",1,$713.00,"$1,120.00",$407.00,$713.00,"$1,120.00",,,
000261829,12/13/2021,13,December,2021,28,Young Adults (25-34),M,Australia,New South Wales,Bikes,Road Bikes,"Road-350-W Yellow, 42",4,$713.00,"$1,120.00","$1,628.00","$2,852.00","$4,480.00",,,
000261830,12/13/2021,13,December,2021,32,Young Adults (25-34),F,Australia,Queensland,Bikes,Mountain Bikes,"Mountain-200 Silver, 42",3,$713.00,"$1,120.00","$1,221.00","$2,139.00","$3,360.00",,,
000261831,12/13/2021,13,December,2021,28,Young Adults (25-34),F,France,Moselle,Bikes,Road Bikes,"Road-350-W Yellow, 40",2,$713.00,"$1,120.00",$814.00,"$1,426.00","$2,240.00",,,
000261832,12/13/2021,13,December,2021,29,Young Adults (25-34),F,Australia,Queensland,Bikes,Road Bikes,"Road-250 Black, 44",2,$713.00,"$1,120.00",$814.00,"$1,426.00","$2,240.00",,,
000261833,12/13/2021,13,December,2021,27,Young Adults (25-34),M,Australia,Victoria,Bikes,Road Bikes,"Road-750 Black, 58",1,$713.00,"$1,120.00",$407.00,$713.00,"$1,120.00",,,
000261834,12/13/2021,13,December,2021,35,Adults (35-64),F,Germany,Saarland,Bikes,Road Bikes,"Road-350-W Yellow, 44",1,$713.00,"$1,120.00",$407.00,$713.00,"$1,120.00",,,
000261835,12/13/2021,13,December,2021,37,Adults (35-64),M,Australia,New South Wales,Bikes,Road Bikes,"Road-350-W Yellow, 42",1,$713.00,"$1,120.00",$407.00,$713.00,"$1,120.00",,,
000261836,12/13/2021,13,December,2021,40,Adults (35-64),F,United States,California,Bikes,Mountain Bikes,"Mountain-500 Silver, 40",1,$713.00,"$1,120.00",$407.00,$713.00,"$1,120.00",,,
000261837,12/13/2021,13,December,2021,44,Adults (35-64),F,United Kingdom,England,Bikes,Mountain Bikes,"Mountain-200 Black, 38",1,$713.00,"$1,120.00",$407.00,$713.00,"$1,120.00",,,
000261838,12/13/2021,13,December,2021,49,Adults (35-64),M,United Kingdom,England,Bikes,Mountain Bikes,"Mountain-200 Black, 38",1,$713.00,"$1,120.00",$407.00,$713.00,"$1,120.00",,,
000261839,12/13/2021,13,December,2021,54,Adults (35-64),F,United States,Washington,Bikes,Road Bikes,"Road-650 Red, 58",1,$713.00,"$1,120.00",$407.00,$713.00,"$1,120.00",,,
000261840,12/13/2021,13,December,2021,69,Seniors (64+),M,Australia,Queensland,Bikes,Road Bikes,"Road-250 Red, 58",1,$713.00,"$1,120.00",$407.00,$713.00,"$1,120.00",,,
000261841,12/14/2021,14,December,2021,33,Young Adults (25-34),F,Germany,Hessen,Bikes,Road Bikes,"Road-150 Red, 56",4,$713.00,"$1,120.00","$1,628.00","$2,852.00","$4,480.00",,,
000261842,12/14/2021,14,December,2021,46,Adults (35-64),F,Australia,Victoria,Bikes,Road Bikes,"Road-750 Black, 48",4,$713.00,"$1,120.00","$1,628.00","$2,852.00","$4,480.00",,,
000261843,12/14/2021,14,December,2021,32,Young Adults (25-34),M,France,Seine (Paris),Bikes,Road Bikes,"Road-150 Red, 48",3,$713.00,"$1,120.00","$1,221.00","$2,139.00","$3,360.00",,,
000261844,12/14/2021,14,December,2021,32,Young Adults (25-34),M,France,Hauts de Seine,Bikes,Road Bikes,"Road-550-W Yellow, 42",3,$713.00,"$1,120.00","$1,221.00","$2,139.00","$3,360.00",,,
000261845,12/14/2021,14,December,2021,30,Young Adults (25-34),F,United States,Washington,Bikes,Mountain Bikes,"Mountain-200 Silver, 38",2,$713.00,"$1,120.00",$814.00,"$1,426.00","$2,240.00",,,
000261846,12/14/2021,14,December,2021,30,Young Adults (25-34),M,France,Seine Saint Denis,Bikes,Road Bikes,"Road-250 Black, 48",2,$713.00,"$1,120.00",$814.00,"$1,426.00","$2,240.00",,,
000261847,12/14/2021,14,December,2021,36,Adults (35-64),F,Australia,South Australia,Bikes,Road Bikes,"Road-150 Red, 52",2,$713.00,"$1,120.00",$814.00,"$1,426.00","$2,240.00",,,
000261848,12/14/2021,14,December,2021,43,Adults (35-64),F,United States,California,Bikes,Road Bikes,"Road-150 Red, 44",2,$713.00,"$1,120.00",$814.00,"$1,426.00","$2,240.00",,,
000261849,12/14/2021,14,December,2021,32,Young Adults (25-34),M,United States,California,Bikes,Mountain Bikes,"Mountain-200 Black, 46",1,$713.00,"$1,120.00",$407.00,$713.00,"$1,120.00",,,
000261850,12/14/2021,14,December,2021,32,Young Adults (25-34),F,Australia,Victoria,Bikes,Mountain Bikes,"Mountain-400-W Silver, 46",1,$713.00,"$1,120.00",$407.00,$713.00,"$1,120.00",,,
000261851,12/14/2021,14,December,2021,36,Adults (35-64),F,Australia,Victoria,Bikes,Road Bikes,"Road-550-W Yellow, 48",1,$713.00,"$1,120.00",$407.00,$713.00,"$1,120.00",,,
000261852,12/14/2021,14,December,2021,37,Adults (35-64),M,Germany,Saarland,Bikes,Road Bikes,"Road-550-W Yellow, 38",1,$713.00,"$1,120.00",$407.00,$713.00,"$1,120.00",,,
000261853,12/14/2021,14,December,2021,40,Adults (35-64),F,Germany,Hessen,Bikes,Road Bikes,"Road-150 Red, 44",1,$713.00,"$1,120.00",$407.00,$713.00,"$1,120.00",,,
000261854,12/14/2021,14,December,2021,44,Adults (35-64),M,United States,California,Bikes,Road Bikes,"Road-750 Black, 48",1,$713.00,"$1,120.00",$407.00,$713.00,"$1,120.00",,,
000261855,12/14/2021,14,December,2021,44,Adults (35-64),M,Australia,New South Wales,Bikes,Road Bikes,"Road-250 Red, 58",1,$713.00,"$1,120.00",$407.00,$713.00,"$1,120.00",,,
000261856,12/14/2021,14,December,2021,55,Adults (35-64),M,United States,Washington,Bikes,Road Bikes,"Road-550-W Yellow, 42",1,$713.00,"$1,120.00",$407.00,$713.00,"$1,120.00",,,
000261857,12/15/2021,15,December,2021,23,Youth (<25),M,United Kingdom,England,Bikes,Road Bikes,"Road-150 Red, 52",4,$713.00,"$1,120.00","$1,628.00","$2,852.00","$4,480.00",,,
000261858,12/15/2021,15,December,2021,28,Young Adults (25-34),F,Australia,New South Wales,Bikes,Road Bikes,"Road-250 Black, 52",4,$713.00,"$1,120.00","$1,628.00","$2,852.00","$4,480.00",,,
000261859,12/15/2021,15,December,2021,36,Adults (35-64),M,Germany,Saarland,Bikes,Road Bikes,"Road-350-W Yellow, 48",3,$713.00,"$1,120.00","$1,221.00","$2,139.00","$3,360.00",,,
000261860,12/15/2021,15,December,2021,47,Adults (35-64),M,United Kingdom,England,Bikes,Road Bikes,"Road-650 Black, 62",2,$713.00,"$1,120.00",$814.00,"$1,426.00","$2,240.00",,,
000261861,12/15/2021,15,December,2021,29,Young Adults (25-34),F,United States,California,Bikes,Mountain Bikes,"Mountain-200 Silver, 42",1,$713.00,"$1,120.00",$407.00,$713.00,"$1,120.00",,,
000261862,12/16/2021,16,December,2021,48,Adults (35-64),F,Canada,British Columbia,Bikes,Road Bikes,"Road-750 Black, 58",4,$713.00,"$1,120.00","$1,628.00","$2,852.00","$4,480.00",,,
000261863,12/16/2021,16,December,2021,26,Young Adults (25-34),F,Germany,Hessen,Bikes,Road Bikes,"Road-250 Red, 58",3,$713.00,"$1,120.00","$1,221.00","$2,139.00","$3,360.00",,,
000261864,12/16/2021,16,December,2021,29,Young Adults (25-34),M,United States,Oregon,Bikes,Road Bikes,"Road-650 Black, 44",2,$713.00,"$1,120.00",$814.00,"$1,426.00","$2,240.00",,,
000261865,12/16/2021,16,December,2021,33,Young Adults (25-34),F,Australia,New South Wales,Bikes,Mountain Bikes,"Mountain-200 Black, 38",2,$713.00,"$1,120.00",$814.00,"$1,426.00","$2,240.00",,,
000261866,12/16/2021,16,December,2021,38,Adults (35-64),M,Australia,New South Wales,Bikes,Mountain Bikes,"Mountain-200 Black, 38",2,$713.00,"$1,120.00",$814.00,"$1,426.00","$2,240.00",,,
000261867,12/16/2021,16,December,2021,18,Youth (<25),F,United States,Oregon,Bikes,Road Bikes,"Road-650 Red, 48",1,$713.00,"$1,120.00",$407.00,$713.00,"$1,120.00",,,
000261868,12/16/2021,16,December,2021,27,Young Adults (25-34),F,France,Seine et Marne,Bikes,Mountain Bikes,"Mountain-200 Silver, 46",1,$713.00,"$1,120.00",$407.00,$713.00,"$1,120.00",,,
000261869,12/16/2021,16,December,2021,28,Young Adults (25-34),M,France,Seine (Paris),Bikes,Road Bikes,"Road-550-W Yellow, 44",1,$713.00,"$1,120.00",$407.00,$713.00,"$1,120.00",,,
000261870,12/16/2021,16,December,2021,32,Young Adults (25-34),M,France,Seine (Paris),Bikes,Road Bikes,"Road-150 Red, 48",1,$713.00,"$1,120.00",$407.00,$713.00,"$1,120.00",,,
000261871,12/16/2021,16,December,2021,42,Adults (35-64),F,Australia,Queensland,Bikes,Road Bikes,"Road-550-W Yellow, 40",1,$713.00,"$1,120.00",$407.00,$713.00,"$1,120.00",,,
000261872,12/16/2021,16,December,2021,43,Adults (35-64),M,United States,California,Bikes,Road Bikes,"Road-150 Red, 48",1,$713.00,"$1,120.00",$407.00,$713.00,"$1,120.00",,,
000261873,12/17/2021,17,December,2021,18,Youth (<25),M,United States,California,Bikes,Road Bikes,"Road-550-W Yellow, 40",4,$713.00,"$1,120.00","$1,628.00","$2,852.00","$4,480.00",,,
000261874,12/17/2021,17,December,2021,27,Young Adults (25-34),M,Australia,Queensland,Bikes,Road Bikes,"Road-250 Black, 44",4,$713.00,"$1,120.00","$1,628.00","$2,852.00","$4,480.00",,,
000261875,12/17/2021,17,December,2021,36,Adults (35-64),F,Australia,New South Wales,Bikes,Road Bikes,"Road-350-W Yellow, 40",4,$713.00,"$1,120.00","$1,628.00","$2,852.00","$4,480.00",,,
000261876,12/17/2021,17,December,2021,42,Adults (35-64),F,Australia,Victoria,Bikes,Road Bikes,"Road-750 Black, 48",4,$713.00,"$1,120.00","$1,628.00","$2,852.00","$4,480.00",,,
000261877,12/17/2021,17,December,2021,37,Adults (35-64),F,United States,Washington,Bikes,Mountain Bikes,"Mountain-200 Silver, 38",2,$713.00,"$1,120.00",$814.00,"$1,426.00","$2,240.00",,,
000261878,12/17/2021,17,December,2021,31,Young Adults (25-34),M,Australia,New South Wales,Bikes,Mountain Bikes,"Mountain-400-W Silver, 42",1,$713.00,"$1,120.00",$407.00,$713.00,"$1,120.00",,,
000261879,12/17/2021,17,December,2021,40,Adults (35-64),F,United States,California,Bikes,Road Bikes,"Road-250 Black, 58",1,$713.00,"$1,120.00",$407.00,$713.00,"$1,120.00",,,
000261880,12/17/2021,17,December,2021,42,Adults (35-64),F,Germany,Nordrhein-Westfalen,Bikes,Mountain Bikes,"Mountain-200 Silver, 46",1,$713.00,"$1,120.00",$407.00,$713.00,"$1,120.00",,,
000261881,12/17/2021,17,December,2021,42,Adults (35-64),F,Australia,Queensland,Bikes,Road Bikes,"Road-550-W Yellow, 40",1,$713.00,"$1,120.00",$407.00,$713.00,"$1,120.00",,,
000261882,12/17/2021,17,December,2021,43,Adults (35-64),F,Australia,New South Wales,Bikes,Road Bikes,"Road-150 Red, 56",1,$713.00,"$1,120.00",$407.00,$713.00,"$1,120.00",,,
000261883,12/17/2021,17,December,2021,44,Adults (35-64),M,United Kingdom,England,Bikes,Road Bikes,"Road-550-W Yellow, 48",1,$713.00,"$1,120.00",$407.00,$713.00,"$1,120.00",,,
000261884,12/18/2021,18,December,2021,35,Adults (35-64),F,Australia,New South Wales,Bikes,Mountain Bikes,"Mountain-500 Silver, 42",4,$713.00,"$1,120.00","$1,628.00","$2,852.00","$4,480.00",,,
000261885,12/18/2021,18,December,2021,38,Adults (35-64),F,Germany,Nordrhein-Westfalen,Bikes,Mountain Bikes,"Mountain-200 Silver, 46",4,$713.00,"$1,120.00","$1,628.00","$2,852.00","$4,480.00",,,
000261886,12/18/2021,18,December,2021,24,Youth (<25),F,France,Seine Saint Denis,Bikes,Mountain Bikes,"Mountain-200 Silver, 38",3,$713.00,"$1,120.00","$1,221.00","$2,139.00","$3,360.00",,,
000261887,12/18/2021,18,December,2021,26,Young Adults (25-34),F,United Kingdom,England,Bikes,Mountain Bikes,"Mountain-400-W Silver, 42",3,$713.00,"$1,120.00","$1,221.00","$2,139.00","$3,360.00",,,
000261888,12/18/2021,18,December,2021,26,Young Adults (25-34),F,France,Hauts de Seine,Bikes,Road Bikes,"Road-250 Red, 52",3,$713.00,"$1,120.00","$1,221.00","$2,139.00","$3,360.00",,,
000261889,12/18/2021,18,December,2021,39,Adults (35-64),M,United States,California,Bikes,Mountain Bikes,"Mountain-200 Black, 42",3,$713.00,"$1,120.00","$1,221.00","$2,139.00","$3,360.00",,,
000261890,12/18/2021,18,December,2021,47,Adults (35-64),M,Australia,Victoria,Bikes,Road Bikes,"Road-750 Black, 48",2,$713.00,"$1,120.00",$814.00,"$1,426.00","$2,240.00",,,
000261891,12/18/2021,18,December,2021,26,Young Adults (25-34),M,France,Seine (Paris),Bikes,Mountain Bikes,"Mountain-200 Black, 46",1,$713.00,"$1,120.00",$407.00,$713.00,"$1,120.00",,,
000261892,12/18/2021,18,December,2021,36,Adults (35-64),M,United States,Washington,Bikes,Mountain Bikes,"Mountain-200 Silver, 38",1,$713.00,"$1,120.00",$407.00,$713.00,"$1,120.00",,,
000261893,12/18/2021,18,December,2021,45,Adults (35-64),F,Australia,New South Wales,Bikes,Road Bikes,"Road-550-W Yellow, 40",1,$713.00,"$1,120.00",$407.00,$713.00,"$1,120.00",,,
000261894,12/19/2021,19,December,2021,17,Youth (<25),M,France,Nord,Bikes,Mountain Bikes,"Mountain-200 Silver, 46",4,$713.00,"$1,120.00","$1,628.00","$2,852.00","$4,480.00",,,
000261895,12/19/2021,19,December,2021,19,Youth (<25),F,Australia,Victoria,Bikes,Mountain Bikes,"Mountain-500 Black, 44",4,$713.00,"$1,120.00","$1,628.00","$2,852.00","$4,480.00",,,
000261896,12/19/2021,19,December,2021,24,Youth (<25),F,France,Garonne (Haute),Bikes,Road Bikes,"Road-250 Red, 44",4,$713.00,"$1,120.00","$1,628.00","$2,852.00","$4,480.00",,,
000261897,12/19/2021,19,December,2021,25,Young Adults (25-34),M,France,Seine (Paris),Bikes,Mountain Bikes,"Mountain-200 Black, 38",4,$713.00,"$1,120.00","$1,628.00","$2,852.00","$4,480.00",,,
000261898,12/19/2021,19,December,2021,35,Adults (35-64),F,United States,Oregon,Bikes,Mountain Bikes,"Mountain-100 Black, 48",4,$713.00,"$1,120.00","$1,628.00","$2,852.00","$4,480.00",,,
000261899,12/19/2021,19,December,2021,37,Adults (35-64),M,United States,Oregon,Bikes,Mountain Bikes,"Mountain-200 Black, 38",4,$713.00,"$1,120.00","$1,628.00","$2,852.00","$4,480.00",,,
000261900,12/19/2021,19,December,2021,39,Adults (35-64),F,United States,California,Bikes,Mountain Bikes,"Mountain-200 Black, 46",4,$713.00,"$1,120.00","$1,628.00","$2,852.00","$4,480.00",,,
000261901,12/19/2021,19,December,2021,63,Adults (35-64),F,Australia,Queensland,Bikes,Mountain Bikes,"Mountain-200 Black, 46",4,$713.00,"$1,120.00","$1,628.00","$2,852.00","$4,480.00",,,
000261902,12/19/2021,19,December,2021,50,Adults (35-64),F,Germany,Nordrhein-Westfalen,Bikes,Road Bikes,"Road-550-W Yellow, 42",3,$713.00,"$1,120.00","$1,221.00","$2,139.00","$3,360.00",,,
000261903,12/19/2021,19,December,2021,18,Youth (<25),M,Australia,South Australia,Bikes,Mountain Bikes,"Mountain-500 Black, 40",2,$713.00,"$1,120.00",$814.00,"$1,426.00","$2,240.00",,,
000261904,12/19/2021,19,December,2021,56,Adults (35-64),F,Germany,Hessen,Bikes,Mountain Bikes,"Mountain-200 Black, 46",2,$713.00,"$1,120.00",$814.00,"$1,426.00","$2,240.00",,,
000261905,12/19/2021,19,December,2021,38,Adults (35-64),M,Australia,New South Wales,Bikes,Road Bikes,"Road-550-W Yellow, 42",1,$713.00,"$1,120.00",$407.00,$713.00,"$1,120.00",,,
000261906,12/19/2021,19,December,2021,39,Adults (35-64),F,United States,Washington,Bikes,Mountain Bikes,"Mountain-200 Silver, 38",1,$713.00,"$1,120.00",$407.00,$713.00,"$1,120.00",,,
000261907,12/19/2021,19,December,2021,57,Adults (35-64),F,Australia,New South Wales,Bikes,Road Bikes,"Road-350-W Yellow, 44",1,$713.00,"$1,120.00",$407.00,$713.00,"$1,120.00",,,
000261908,12/20/2021,20,December,2021,33,Young Adults (25-34),F,Australia,Victoria,Bikes,Mountain Bikes,"Mountain-100 Black, 38",4,$713.00,"$1,120.00","$1,628.00","$2,852.00","$4,480.00",,,
000261909,12/20/2021,20,December,2021,34,Young Adults (25-34),F,United Kingdom,England,Bikes,Road Bikes,"Road-350-W Yellow, 42",4,$713.00,"$1,120.00","$1,628.00","$2,852.00","$4,480.00",,,
000261910,12/20/2021,20,December,2021,57,Adults (35-64),M,Australia,Queensland,Bikes,Mountain Bikes,"Mountain-200 Black, 46",4,$713.00,"$1,120.00","$1,628.00","$2,852.00","$4,480.00",,,
000261911,12/20/2021,20,December,2021,29,Young Adults (25-34),M,Canada,British Columbia,Bikes,Mountain Bikes,"Mountain-500 Black, 52",3,$713.00,"$1,120.00","$1,221.00","$2,139.00","$3,360.00",,,
000261912,12/20/2021,20,December,2021,33,Young Adults (25-34),M,France,Charente-Maritime,Bikes,Road Bikes,"Road-250 Black, 52",3,$713.00,"$1,120.00","$1,221.00","$2,139.00","$3,360.00",,,
000261913,12/20/2021,20,December,2021,35,Adults (35-64),M,France,Loiret,Bikes,Road Bikes,"Road-150 Red, 52",3,$713.00,"$1,120.00","$1,221.00","$2,139.00","$3,360.00",,,
000261914,12/20/2021,20,December,2021,42,Adults (35-64),M,Australia,New South Wales,Bikes,Road Bikes,"Road-150 Red, 44",3,$713.00,"$1,120.00","$1,221.00","$2,139.00","$3,360.00",,,
000261915,12/20/2021,20,December,2021,43,Adults (35-64),M,United States,California,Bikes,Road Bikes,"Road-150 Red, 48",2,$713.00,"$1,120.00",$814.00,"$1,426.00","$2,240.00",,,
000261916,12/20/2021,20,December,2021,27,Young Adults (25-34),F,Canada,British Columbia,Bikes,Road Bikes,"Road-550-W Yellow, 48",1,$713.00,"$1,120.00",$407.00,$713.00,"$1,120.00",,,
000261917,12/20/2021,20,December,2021,35,Adults (35-64),F,Australia,Queensland,Bikes,Mountain Bikes,"Mountain-200 Silver, 38",1,$713.00,"$1,120.00",$407.00,$713.00,"$1,120.00",,,
000261918,12/20/2021,20,December,2021,35,Adults (35-64),M,Australia,Victoria,Bikes,Mountain Bikes,"Mountain-200 Silver, 38",1,$713.00,"$1,120.00",$407.00,$713.00,"$1,120.00",,,
000261919,12/20/2021,20,December,2021,35,Adults (35-64),F,Australia,Queensland,Bikes,Road Bikes,"Road-350-W Yellow, 44",1,$713.00,"$1,120.00",$407.00,$713.00,"$1,120.00",,,
000261920,12/20/2021,20,December,2021,43,Adults (35-64),M,United States,Washington,Bikes,Road Bikes,"Road-350-W Yellow, 40",1,$713.00,"$1,120.00",$407.00,$713.00,"$1,120.00",,,
000261921,12/20/2021,20,December,2021,51,Adults (35-64),F,Australia,New South Wales,Bikes,Road Bikes,"Road-350-W Yellow, 40",1,$713.00,"$1,120.00",$407.00,$713.00,"$1,120.00",,,
000261922,12/21/2021,21,December,2021,26,Young Adults (25-34),M,France,Somme,Bikes,Mountain Bikes,"Mountain-200 Silver, 38",3,$713.00,"$1,120.00","$1,221.00","$2,139.00","$3,360.00",,,
000261923,12/21/2021,21,December,2021,23,Youth (<25),M,United Kingdom,England,Bikes,Mountain Bikes,"Mountain-400-W Silver, 46",2,$713.00,"$1,120.00",$814.00,"$1,426.00","$2,240.00",,,
000261924,12/21/2021,21,December,2021,27,Young Adults (25-34),F,Australia,Queensland,Bikes,Road Bikes,"Road-250 Red, 58",1,$713.00,"$1,120.00",$407.00,$713.00,"$1,120.00",,,
000261925,12/22/2021,22,December,2021,30,Young Adults (25-34),F,United States,Washington,Bikes,Mountain Bikes,"Mountain-200 Silver, 38",3,$713.00,"$1,120.00","$1,221.00","$2,139.00","$3,360.00",,,
000261926,12/22/2021,22,December,2021,40,Adults (35-64),F,United Kingdom,England,Bikes,Road Bikes,"Road-750 Black, 58",3,$713.00,"$1,120.00","$1,221.00","$2,139.00","$3,360.00",,,
000261927,12/22/2021,22,December,2021,41,Adults (35-64),M,United States,California,Bikes,Mountain Bikes,"Mountain-200 Black, 42",3,$713.00,"$1,120.00","$1,221.00","$2,139.00","$3,360.00",,,
000261928,12/22/2021,22,December,2021,28,Young Adults (25-34),M,United States,California,Bikes,Road Bikes,"Road-150 Red, 62",2,$713.00,"$1,120.00",$814.00,"$1,426.00","$2,240.00",,,
000261929,12/22/2021,22,December,2021,18,Youth (<25),M,United States,California,Bikes,Road Bikes,"Road-550-W Yellow, 40",1,$713.00,"$1,120.00",$407.00,$713.00,"$1,120.00",,,
000261930,12/22/2021,22,December,2021,19,Youth (<25),F,Australia,New South Wales,Bikes,Mountain Bikes,"Mountain-500 Silver, 42",1,$713.00,"$1,120.00",$407.00,$713.00,"$1,120.00",,,
000261931,12/22/2021,22,December,2021,25,Young Adults (25-34),M,France,Seine (Paris),Bikes,Mountain Bikes,"Mountain-200 Black, 38",1,$713.00,"$1,120.00",$407.00,$713.00,"$1,120.00",,,
000261932,12/22/2021,22,December,2021,27,Young Adults (25-34),F,Canada,British Columbia,Bikes,Mountain Bikes,"Mountain-200 Black, 46",1,$713.00,"$1,120.00",$407.00,$713.00,"$1,120.00",,,
000261933,12/22/2021,22,December,2021,28,Young Adults (25-34),F,United States,California,Bikes,Road Bikes,"Road-750 Black, 44",1,$713.00,"$1,120.00",$407.00,$713.00,"$1,120.00",,,
000261934,12/22/2021,22,December,2021,29,Young Adults (25-34),F,United Kingdom,England,Bikes,Road Bikes,"Road-550-W Yellow, 38",1,$713.00,"$1,120.00",$407.00,$713.00,"$1,120.00",,,
000261935,12/22/2021,22,December,2021,41,Adults (35-64),M,Germany,Hessen,Bikes,Mountain Bikes,"Mountain-200 Silver, 38",1,$713.00,"$1,120.00",$407.00,$713.00,"$1,120.00",,,
000261936,12/22/2021,22,December,2021,42,Adults (35-64),M,United Kingdom,England,Bikes,Road Bikes,"Road-650 Red, 58",1,$713.00,"$1,120.00",$407.00,$713.00,"$1,120.00",,,
000261937,12/23/2021,23,December,2021,29,Young Adults (25-34),M,United Kingdom,England,Bikes,Road Bikes,"Road-350-W Yellow, 48",4,$713.00,"$1,120.00","$1,628.00","$2,852.00","$4,480.00",,,
000261938,12/23/2021,23,December,2021,23,Youth (<25),M,United States,Oregon,Bikes,Road Bikes,"Road-350-W Yellow, 42",3,$713.00,"$1,120.00","$1,221.00","$2,139.00","$3,360.00",,,
000261939,12/23/2021,23,December,2021,22,Youth (<25),M,United States,California,Bikes,Road Bikes,"Road-250 Red, 44",2,$713.00,"$1,120.00",$814.00,"$1,426.00","$2,240.00",,,
000261940,12/23/2021,23,December,2021,34,Young Adults (25-34),M,Australia,Queensland,Bikes,Road Bikes,"Road-250 Black, 58",2,$713.00,"$1,120.00",$814.00,"$1,426.00","$2,240.00",,,
000261941,12/23/2021,23,December,2021,34,Young Adults (25-34),F,Australia,South Australia,Bikes,Road Bikes,"Road-550-W Yellow, 40",2,$713.00,"$1,120.00",$814.00,"$1,426.00","$2,240.00",,,
000261942,12/23/2021,23,December,2021,19,Youth (<25),M,United States,California,Bikes,Road Bikes,"Road-550-W Yellow, 42",1,$713.00,"$1,120.00",$407.00,$713.00,"$1,120.00",,,
000261943,12/23/2021,23,December,2021,30,Young Adults (25-34),F,United States,Oregon,Bikes,Mountain Bikes,"Mountain-200 Silver, 42",1,$713.00,"$1,120.00",$407.00,$713.00,"$1,120.00",,,
000261944,12/23/2021,23,December,2021,31,Young Adults (25-34),F,Canada,British Columbia,Bikes,Mountain Bikes,"Mountain-200 Black, 42",1,$713.00,"$1,120.00",$407.00,$713.00,"$1,120.00",,,
000261945,12/23/2021,23,December,2021,35,Adults (35-64),F,United States,California,Bikes,Mountain Bikes,"Mountain-500 Black, 42",1,$713.00,"$1,120.00",$407.00,$713.00,"$1,120.00",,,
000261946,12/23/2021,23,December,2021,37,Adults (35-64),F,France,Seine Saint Denis,Bikes,Road Bikes,"Road-150 Red, 48",1,$713.00,"$1,120.00",$407.00,$713.00,"$1,120.00",,,
000261947,12/23/2021,23,December,2021,43,Adults (35-64),M,United States,Washington,Bikes,Road Bikes,"Road-350-W Yellow, 40",1,$713.00,"$1,120.00",$407.00,$713.00,"$1,120.00",,,
000261948,12/23/2021,23,December,2021,57,Adults (35-64),F,Australia,Queensland,Bikes,Road Bikes,"Road-150 Red, 52",1,$713.00,"$1,120.00",$407.00,$713.00,"$1,120.00",,,
000261949,12/24/2021,24,December,2021,38,Adults (35-64),M,Australia,Queensland,Bikes,Mountain Bikes,"Mountain-200 Black, 42",4,$713.00,"$1,120.00","$1,628.00","$2,852.00","$4,480.00",,,
000261950,12/24/2021,24,December,2021,25,Young Adults (25-34),M,France,Seine Saint Denis,Bikes,Mountain Bikes,"Mountain-200 Silver, 42",3,$713.00,"$1,120.00","$1,221.00","$2,139.00","$3,360.00",,,
000261951,12/24/2021,24,December,2021,49,Adults (35-64),F,Germany,Nordrhein-Westfalen,Bikes,Road Bikes,"Road-250 Red, 58",3,$713.00,"$1,120.00","$1,221.00","$2,139.00","$3,360.00",,,
000261952,12/24/2021,24,December,2021,19,Youth (<25),F,Australia,South Australia,Bikes,Mountain Bikes,"Mountain-200 Silver, 38",2,$713.00,"$1,120.00",$814.00,"$1,426.00","$2,240.00",,,
000261953,12/24/2021,24,December,2021,36,Adults (35-64),M,Australia,Queensland,Bikes,Road Bikes,"Road-550-W Yellow, 44",2,$713.00,"$1,120.00",$814.00,"$1,426.00","$2,240.00",,,
000261954,12/24/2021,24,December,2021,24,Youth (<25),M,United Kingdom,England,Bikes,Road Bikes,"Road-750 Black, 44",1,$713.00,"$1,120.00",$407.00,$713.00,"$1,120.00",,,
000261955,12/24/2021,24,December,2021,27,Young Adults (25-34),M,United States,California,Bikes,Road Bikes,"Road-550-W Yellow, 42",1,$713.00,"$1,120.00",$407.00,$713.00,"$1,120.00",,,
000261956,12/24/2021,24,December,2021,27,Young Adults (25-34),F,France,Yveline,Bikes,Road Bikes,"Road-750 Black, 52",1,$713.00,"$1,120.00",$407.00,$713.00,"$1,120.00",,,
000261957,12/24/2021,24,December,2021,29,Young Adults (25-34),M,United Kingdom,England,Bikes,Road Bikes,"Road-350-W Yellow, 48",1,$713.00,"$1,120.00",$407.00,$713.00,"$1,120.00",,,
000261958,12/24/2021,24,December,2021,34,Young Adults (25-34),F,United States,California,Bikes,Mountain Bikes,"Mountain-200 Black, 42",1,$713.00,"$1,120.00",$407.00,$713.00,"$1,120.00",,,
000261959,12/24/2021,24,December,2021,36,Adults (35-64),M,Germany,Hessen,Bikes,Road Bikes,"Road-550-W Yellow, 48",1,$713.00,"$1,120.00",$407.00,$713.00,"$1,120.00",,,
000261960,12/24/2021,24,December,2021,37,Adults (35-64),F,Australia,Victoria,Bikes,Mountain Bikes,"Mountain-200 Silver, 38",1,$713.00,"$1,120.00",$407.00,$713.00,"$1,120.00",,,
000261961,12/24/2021,24,December,2021,40,Adults (35-64),F,Germany,Hessen,Bikes,Mountain Bikes,"Mountain-200 Black, 46",1,$713.00,"$1,120.00",$407.00,$713.00,"$1,120.00",,,
000261962,12/25/2021,25,December,2021,31,Young Adults (25-34),M,United Kingdom,England,Bikes,Road Bikes,"Road-350-W Yellow, 40",4,$713.00,"$1,120.00","$1,628.00","$2,852.00","$4,480.00",,,
000261963,12/25/2021,25,December,2021,25,Young Adults (25-34),M,Germany,Bayern,Bikes,Road Bikes,"Road-250 Black, 52",3,$713.00,"$1,120.00","$1,221.00","$2,139.00","$3,360.00",,,
000261964,12/25/2021,25,December,2021,37,Adults (35-64),F,Germany,Nordrhein-Westfalen,Bikes,Mountain Bikes,"Mountain-200 Silver, 38",3,$713.00,"$1,120.00","$1,221.00","$2,139.00","$3,360.00",,,
000261965,12/25/2021,25,December,2021,38,Adults (35-64),F,Australia,Victoria,Bikes,Mountain Bikes,"Mountain-200 Silver, 38",2,$713.00,"$1,120.00",$814.00,"$1,426.00","$2,240.00",,,
000261966,12/25/2021,25,December,2021,27,Young Adults (25-34),F,France,Yveline,Bikes,Road Bikes,"Road-750 Black, 52",1,$713.00,"$1,120.00",$407.00,$713.00,"$1,120.00",,,
000261967,12/25/2021,25,December,2021,34,Young Adults (25-34),F,Australia,Queensland,Bikes,Road Bikes,"Road-150 Red, 62",1,$713.00,"$1,120.00",$407.00,$713.00,"$1,120.00",,,
000261968,12/25/2021,25,December,2021,44,Adults (35-64),M,United States,California,Bikes,Road Bikes,"Road-750 Black, 48",1,$713.00,"$1,120.00",$407.00,$713.00,"$1,120.00",,,
000261969,12/25/2021,25,December,2021,50,Adults (35-64),M,Australia,New South Wales,Bikes,Road Bikes,"Road-750 Black, 52",1,$713.00,"$1,120.00",$407.00,$713.00,"$1,120.00",,,
000261970,12/26/2021,26,December,2021,38,Adults (35-64),F,Australia,Queensland,Bikes,Mountain Bikes,"Mountain-200 Black, 38",3,$713.00,"$1,120.00","$1,221.00","$2,139.00","$3,360.00",,,
000261971,12/26/2021,26,December,2021,30,Young Adults (25-34),M,United States,California,Bikes,Mountain Bikes,"Mountain-400-W Silver, 38",2,$713.00,"$1,120.00",$814.00,"$1,426.00","$2,240.00",,,
000261972,12/26/2021,26,December,2021,54,Adults (35-64),M,Australia,Victoria,Bikes,Mountain Bikes,"Mountain-200 Black, 38",2,$713.00,"$1,120.00",$814.00,"$1,426.00","$2,240.00",,,
000261973,12/26/2021,26,December,2021,24,Youth (<25),M,Canada,British Columbia,Bikes,Road Bikes,"Road-350-W Yellow, 48",1,$713.00,"$1,120.00",$407.00,$713.00,"$1,120.00",,,
000261974,12/26/2021,26,December,2021,25,Young Adults (25-34),F,United Kingdom,England,Bikes,Mountain Bikes,"Mountain-200 Black, 42",1,$713.00,"$1,120.00",$407.00,$713.00,"$1,120.00",,,
000261975,12/26/2021,26,December,2021,28,Young Adults (25-34),M,France,Seine Saint Denis,Bikes,Road Bikes,"Road-250 Red, 44",1,$713.00,"$1,120.00",$407.00,$713.00,"$1,120.00",,,
000261976,12/26/2021,26,December,2021,34,Young Adults (25-34),M,United States,California,Bikes,Mountain Bikes,"Mountain-500 Black, 40",1,$713.00,"$1,120.00",$407.00,$713.00,"$1,120.00",,,
000261977,12/26/2021,26,December,2021,42,Adults (35-64),M,United States,Washington,Bikes,Road Bikes,"Road-750 Black, 44",1,$713.00,"$1,120.00",$407.00,$713.00,"$1,120.00",,,
000261978,12/27/2021,27,December,2021,26,Young Adults (25-34),F,Australia,Victoria,Bikes,Road Bikes,"Road-150 Red, 48",4,$713.00,"$1,120.00","$1,628.00","$2,852.00","$4,480.00",,,
000261979,12/27/2021,27,December,2021,37,Adults (35-64),M,Canada,British Columbia,Bikes,Road Bikes,"Road-750 Black, 44",2,$713.00,"$1,120.00",$814.00,"$1,426.00","$2,240.00",,,
000261980,12/27/2021,27,December,2021,44,Adults (35-64),M,United Kingdom,England,Bikes,Mountain Bikes,"Mountain-200 Silver, 42",2,$713.00,"$1,120.00",$814.00,"$1,426.00","$2,240.00",,,
000261981,12/27/2021,27,December,2021,26,Young Adults (25-34),M,France,Essonne,Bikes,Road Bikes,"Road-250 Black, 52",1,$713.00,"$1,120.00",$407.00,$713.00,"$1,120.00",,,
000261982,12/27/2021,27,December,2021,36,Adults (35-64),F,Germany,Hessen,Bikes,Road Bikes,"Road-250 Black, 58",1,$713.00,"$1,120.00",$407.00,$713.00,"$1,120.00",,,
000261983,12/27/2021,27,December,2021,38,Adults (35-64),M,Australia,Victoria,Bikes,Mountain Bikes,"Mountain-200 Silver, 42",1,$713.00,"$1,120.00",$407.00,$713.00,"$1,120.00",,,
000261984,12/27/2021,27,December,2021,41,Adults (35-64),F,Australia,Victoria,Bikes,Road Bikes,"Road-150 Red, 48",1,$713.00,"$1,120.00",$407.00,$713.00,"$1,120.00",,,
000261985,12/27/2021,27,December,2021,42,Adults (35-64),F,United States,California,Bikes,Road Bikes,"Road-250 Black, 52",1,$713.00,"$1,120.00",$407.00,$713.00,"$1,120.00",,,
000261986,12/27/2021,27,December,2021,49,Adults (35-64),M,Australia,New South Wales,Bikes,Road Bikes,"Road-750 Black, 52",1,$713.00,"$1,120.00",$407.00,$713.00,"$1,120.00",,,
000261987,12/28/2021,28,December,2021,35,Adults (35-64),F,Australia,New South Wales,Bikes,Road Bikes,"Road-350-W Yellow, 48",4,$713.00,"$1,120.00","$1,628.00","$2,852.00","$4,480.00",,,
000261988,12/28/2021,28,December,2021,45,Adults (35-64),F,Australia,Queensland,Bikes,Road Bikes,"Road-750 Black, 48",4,$713.00,"$1,120.00","$1,628.00","$2,852.00","$4,480.00",,,
000261989,12/28/2021,28,December,2021,19,Youth (<25),M,Australia,Victoria,Bikes,Mountain Bikes,"Mountain-500 Silver, 52",3,$713.00,"$1,120.00","$1,221.00","$2,139.00","$3,360.00",,,
000261990,12/28/2021,28,December,2021,31,Young Adults (25-34),M,Australia,New South Wales,Bikes,Mountain Bikes,"Mountain-400-W Silver, 42",3,$713.00,"$1,120.00","$1,221.00","$2,139.00","$3,360.00",,,
000261991,12/28/2021,28,December,2021,36,Adults (35-64),M,Canada,British Columbia,Bikes,Road Bikes,"Road-750 Black, 44",3,$713.00,"$1,120.00","$1,221.00","$2,139.00","$3,360.00",,,
000261992,12/28/2021,28,December,2021,44,Adults (35-64),F,United Kingdom,England,Bikes,Mountain Bikes,"Mountain-200 Black, 38",3,$713.00,"$1,120.00","$1,221.00","$2,139.00","$3,360.00",,,
000261993,12/28/2021,28,December,2021,30,Young Adults (25-34),F,United States,Washington,Bikes,Mountain Bikes,"Mountain-200 Silver, 38",2,$713.00,"$1,120.00",$814.00,"$1,426.00","$2,240.00",,,
000261994,12/28/2021,28,December,2021,34,Young Adults (25-34),M,Australia,Victoria,Bikes,Mountain Bikes,"Mountain-100 Black, 42",1,$713.00,"$1,120.00",$407.00,$713.00,"$1,120.00",,,
000261995,12/28/2021,28,December,2021,39,Adults (35-64),F,United States,California,Bikes,Mountain Bikes,"Mountain-200 Black, 46",1,$713.00,"$1,120.00",$407.00,$713.00,"$1,120.00",,,
000261996,12/28/2021,28,December,2021,46,Adults (35-64),M,Germany,Saarland,Bikes,Road Bikes,"Road-650 Red, 58",1,$713.00,"$1,120.00",$407.00,$713.00,"$1,120.00",,,
000261997,12/29/2021,29,December,2021,24,Youth (<25),F,France,Pas de Calais,Bikes,Road Bikes,"Road-250 Red, 52",4,$713.00,"$1,120.00","$1,628.00","$2,852.00","$4,480.00",,,
000261998,12/29/2021,29,December,2021,23,Youth (<25),F,Germany,Hessen,Bikes,Road Bikes,"Road-250 Red, 48",3,$713.00,"$1,120.00","$1,221.00","$2,139.00","$3,360.00",,,
000261999,12/29/2021,29,December,2021,25,Young Adults (25-34),M,Canada,British Columbia,Bikes,Road Bikes,"Road-150 Red, 62",3,$713.00,"$1,120.00","$1,221.00","$2,139.00","$3,360.00",,,
000262000,12/29/2021,29,December,2021,26,Young Adults (25-34),F,United Kingdom,England,Bikes,Road Bikes,"Road-350-W Yellow, 44",3,$713.00,"$1,120.00","$1,221.00","$2,139.00","$3,360.00",,,
000262001,12/29/2021,29,December,2021,30,Young Adults (25-34),M,France,Moselle,Bikes,Road Bikes,"Road-550-W Yellow, 38",2,$713.00,"$1,120.00",$814.00,"$1,426.00","$2,240.00",,,
000262002,12/29/2021,29,December,2021,43,Adults (35-64),M,United Kingdom,England,Bikes,Mountain Bikes,"Mountain-200 Silver, 42",2,$713.00,"$1,120.00",$814.00,"$1,426.00","$2,240.00",,,
000262003,12/29/2021,29,December,2021,44,Adults (35-64),F,Australia,Queensland,Bikes,Road Bikes,"Road-750 Black, 48",2,$713.00,"$1,120.00",$814.00,"$1,426.00","$2,240.00",,,
000262004,12/29/2021,29,December,2021,22,Youth (<25),F,United States,California,Bikes,Road Bikes,"Road-750 Black, 44",1,$713.00,"$1,120.00",$407.00,$713.00,"$1,120.00",,,
000262005,12/29/2021,29,December,2021,23,Youth (<25),F,France,Seine (Paris),Bikes,Road Bikes,"Road-150 Red, 52",1,$713.00,"$1,120.00",$407.00,$713.00,"$1,120.00",,,
000262006,12/29/2021,29,December,2021,26,Young Adults (25-34),F,Canada,British Columbia,Bikes,Road Bikes,"Road-250 Red, 44",1,$713.00,"$1,120.00",$407.00,$713.00,"$1,120.00",,,
000262007,12/29/2021,29,December,2021,34,Young Adults (25-34),M,United Kingdom,England,Bikes,Road Bikes,"Road-550-W Yellow, 44",1,$713.00,"$1,120.00",$407.00,$713.00,"$1,120.00",,,
000262008,12/29/2021,29,December,2021,35,Adults (35-64),F,Germany,Saarland,Bikes,Road Bikes,"Road-350-W Yellow, 44",1,$713.00,"$1,120.00",$407.00,$713.00,"$1,120.00",,,
000262009,12/29/2021,29,December,2021,43,Adults (35-64),F,Australia,New South Wales,Bikes,Road Bikes,"Road-150 Red, 56",1,$713.00,"$1,120.00",$407.00,$713.00,"$1,120.00",,,
000262010,12/29/2021,29,December,2021,45,Adults (35-64),F,United States,California,Bikes,Road Bikes,"Road-750 Black, 52",1,$713.00,"$1,120.00",$407.00,$713.00,"$1,120.00",,,
000262011,12/30/2021,30,December,2021,23,Youth (<25),M,United Kingdom,England,Bikes,Road Bikes,"Road-150 Red, 52",3,$713.00,"$1,120.00","$1,221.00","$2,139.00","$3,360.00",,,
000262012,12/30/2021,30,December,2021,25,Young Adults (25-34),F,United Kingdom,England,Bikes,Mountain Bikes,"Mountain-200 Black, 42",2,$713.00,"$1,120.00",$814.00,"$1,426.00","$2,240.00",,,
000262013,12/30/2021,30,December,2021,24,Youth (<25),F,France,Essonne,Bikes,Mountain Bikes,"Mountain-200 Black, 46",1,$713.00,"$1,120.00",$407.00,$713.00,"$1,120.00",,,
000262014,12/30/2021,30,December,2021,29,Young Adults (25-34),F,Australia,Queensland,Bikes,Road Bikes,"Road-250 Black, 44",1,$713.00,"$1,120.00",$407.00,$713.00,"$1,120.00",,,
000262015,12/30/2021,30,December,2021,30,Young Adults (25-34),M,Australia,Victoria,Bikes,Road Bikes,"Road-150 Red, 48",1,$713.00,"$1,120.00",$407.00,$713.00,"$1,120.00",,,
000262016,12/30/2021,30,December,2021,36,Adults (35-64),M,Australia,Queensland,Bikes,Road Bikes,"Road-550-W Yellow, 44",1,$713.00,"$1,120.00",$407.00,$713.00,"$1,120.00",,,
000262017,12/30/2021,30,December,2021,46,Adults (35-64),F,Australia,New South Wales,Bikes,Road Bikes,"Road-750 Black, 48",1,$713.00,"$1,120.00",$407.00,$713.00,"$1,120.00",,,
000262018,12/31/2021,31,December,2021,32,Young Adults (25-34),M,France,Seine Saint Denis,Bikes,Road Bikes,"Road-150 Red, 56",4,$713.00,"$1,120.00","$1,628.00","$2,852.00","$4,480.00",,,
000262019,12/31/2021,31,December,2021,36,Adults (35-64),F,Australia,New South Wales,Bikes,Mountain Bikes,"Mountain-200 Silver, 42",3,$713.00,"$1,120.00","$1,221.00","$2,139.00","$3,360.00",,,
000262020,12/31/2021,31,December,2021,52,Adults (35-64),F,United Kingdom,England,Bikes,Road Bikes,"Road-250 Black, 58",2,$713.00,"$1,120.00",$814.00,"$1,426.00","$2,240.00",,,
000262021,12/31/2021,31,December,2021,25,Young Adults (25-34),F,Germany,Hessen,Bikes,Road Bikes,"Road-550-W Yellow, 38",1,$713.00,"$1,120.00",$407.00,$713.00,"$1,120.00",,,
000262022,12/31/2021,31,December,2021,26,Young Adults (25-34),M,Australia,Queensland,Bikes,Road Bikes,"Road-550-W Yellow, 42",1,$713.00,"$1,120.00",$407.00,$713.00,"$1,120.00",,,
000262023,12/31/2021,31,December,2021,33,Young Adults (25-34),F,Australia,New South Wales,Bikes,Mountain Bikes,"Mountain-200 Black, 38",1,$713.00,"$1,120.00",$407.00,$713.00,"$1,120.00",,,
000262024,12/31/2021,31,December,2021,44,Adults (35-64),M,Australia,Victoria,Bikes,Road Bikes,"Road-550-W Yellow, 42",1,$713.00,"$1,120.00",$407.00,$713.00,"$1,120.00",,,
,,,,,,,,,,,,,,,,,,,,,
,,,,,,,,,,,,,,,,,,,,,
